date,expiration,dte,strike,expmove_pct
2023-06-01,2023-09-15,106,1.0,40.0
2023-06-01,2023-12-15,197,1.0,52.0
2023-06-02,2023-12-15,196,1.0,53.3088
2023-06-06,2023-12-15,192,1.0,51.7857
2023-06-07,2023-12-15,191,1.0,52.1583
2023-06-09,2023-12-15,189,1.0,54.1045
2023-06-15,2023-12-15,183,1.0,49.2126
2023-06-20,2023-12-15,178,1.0,75.5814
2023-06-22,2023-12-15,176,1.0,52.7344
2023-06-23,2023-12-15,175,1.0,70.8661
2023-06-26,2023-12-15,172,1.0,48.8722
2023-06-27,2023-12-15,171,1.0,47.4453
2023-06-28,2023-12-15,170,1.0,50.3597
2023-06-30,2023-12-15,168,1.0,43.7956
2023-07-05,2023-12-15,163,1.0,35.461
2023-07-07,2023-12-15,161,2.0,60.8553
2023-07-10,2023-07-21,11,2.0,35.2941
2023-07-10,2023-08-18,39,2.0,50.6536
2023-07-10,2023-09-15,67,2.0,53.5948
2023-07-10,2023-12-15,158,2.0,55.5556
2023-07-11,2023-09-15,66,2.0,39.557
2023-07-11,2023-12-15,157,2.0,64.8734
2023-07-12,2023-09-15,65,2.0,42.1875
2023-07-12,2023-12-15,156,2.0,56.25
2023-07-13,2023-09-15,64,2.0,37.2024
2023-07-13,2023-12-15,155,2.0,61.0119
2023-07-14,2023-09-15,63,2.0,39.9408
2023-07-14,2023-12-15,154,2.0,57.6923
2023-07-17,2023-08-18,32,2.0,36.9822
2023-07-17,2023-09-15,60,2.0,41.4201
2023-07-17,2023-12-15,151,2.0,44.3787
2023-07-18,2023-08-18,31,2.0,30.2548
2023-07-18,2023-12-15,150,2.0,58.9172
2023-07-19,2023-09-15,58,2.0,34.375
2023-07-19,2023-12-15,149,2.0,46.875
2023-07-20,2023-12-15,148,2.0,43.6747
2023-07-21,2023-12-15,147,2.0,52.2876
2023-07-21,2024-03-15,238,2.0,101.3072
2023-07-24,2023-12-15,144,2.0,68.3333
2023-07-24,2024-03-15,235,2.0,80.0
2023-07-25,2023-12-15,143,1.0,58.0986
2023-07-25,2024-03-15,234,1.0,56.338
2023-07-26,2023-12-15,142,1.0,61.1888
2023-07-27,2023-08-18,22,2.0,35.0318
2023-07-27,2023-09-15,50,2.0,38.2166
2023-07-27,2023-12-15,141,2.0,52.5478
2023-07-27,2024-03-15,232,2.0,74.8408
2023-07-28,2023-08-18,21,2.0,28.2738
2023-07-28,2023-12-15,140,2.0,49.1071
2023-07-28,2024-03-15,231,2.0,65.4762
2023-07-31,2023-08-18,18,2.0,26.3889
2023-07-31,2023-09-15,46,2.0,26.3889
2023-07-31,2023-12-15,137,2.0,40.2778
2023-07-31,2024-03-15,228,2.0,54.1667
2023-08-01,2023-08-18,17,2.0,20.8333
2023-08-01,2023-09-15,45,2.0,26.3889
2023-08-01,2023-12-15,136,2.0,43.0556
2023-08-01,2024-03-15,227,2.0,56.9444
2023-08-02,2023-08-18,16,2.0,25.1479
2023-08-02,2023-09-15,44,2.0,32.5444
2023-08-02,2023-12-15,135,2.0,47.3373
2023-08-02,2024-03-15,226,2.0,59.1716
2023-08-03,2023-12-15,134,2.0,48.1928
2023-08-03,2024-03-15,225,2.0,63.253
2023-08-04,2023-12-15,133,2.0,52.0833
2023-08-04,2024-03-15,224,2.0,61.0119
2023-08-07,2023-12-15,130,2.0,44.7531
2023-08-07,2024-03-15,221,2.0,319.4444
2023-08-08,2023-12-15,129,2.0,49.6795
2023-08-08,2024-03-15,220,2.0,67.3077
2023-08-09,2023-12-15,128,2.0,53.9216
2023-08-09,2024-03-15,219,2.0,65.3595
2023-08-10,2023-09-15,36,2.0,43.3333
2023-08-10,2023-12-15,127,2.0,43.3333
2023-08-10,2024-03-15,218,2.0,71.6667
2023-08-11,2023-12-15,126,2.0,71.8954
2023-08-11,2024-03-15,217,2.0,80.0654
2023-08-14,2024-03-15,214,2.0,91.6667
2023-08-17,2024-03-15,211,1.0,90.9091
2023-08-23,2023-09-15,23,1.0,25.0
2023-08-24,2024-03-15,204,1.0,43.4783
2023-08-25,2024-03-15,203,1.0,43.1655
2023-08-28,2024-03-15,200,1.0,39.3836
2023-08-29,2024-03-15,199,1.0,47.619
2023-08-30,2024-03-15,198,1.0,49.3197
2023-08-31,2024-03-15,197,1.0,58.6207
2023-09-01,2023-12-15,105,2.0,39.4737
2023-09-01,2024-03-15,196,2.0,60.8553
2023-09-05,2023-09-15,10,1.0,30.5755
2023-09-05,2023-10-20,45,1.0,25.5396
2023-09-06,2023-09-15,9,1.0,29.7945
2023-09-08,2023-09-15,7,1.0,44.4056
2023-09-11,2023-09-15,4,1.0,44.0141
2023-09-13,2024-03-15,184,1.0,68.662
2023-09-14,2023-12-15,92,2.0,62.9139
2023-09-15,2023-12-15,91,2.0,54.6358
2023-09-15,2024-03-15,182,2.0,64.5695
2023-09-18,2023-12-15,88,1.0,34.965
2023-09-18,2024-03-15,179,1.0,75.5245
2023-09-19,2024-03-15,178,1.0,41.0959
2023-09-20,2024-03-15,177,1.0,43.9189
2023-09-21,2023-10-20,29,2.0,38.3333
2023-09-21,2023-12-15,85,2.0,50.0
2023-09-21,2024-03-15,176,2.0,51.6667
2023-09-22,2023-12-15,84,2.0,48.3333
2023-09-22,2024-03-15,175,2.0,53.3333
2023-09-25,2023-12-15,81,2.0,40.8497
2023-09-26,2024-03-15,171,1.0,37.931
2023-09-27,2023-12-15,79,2.0,39.2157
2023-09-27,2024-03-15,170,2.0,45.7516
2023-09-28,2023-10-20,22,2.0,30.6748
2023-09-28,2023-11-17,50,2.0,38.3436
2023-09-28,2023-12-15,78,2.0,35.2761
2023-09-29,2024-03-15,168,2.0,52.2152
2023-10-03,2024-03-15,164,1.0,46.0993
2023-10-04,2024-03-15,163,1.0,42.5926
2023-10-05,2024-03-15,162,1.0,63.5246
2023-10-09,2023-10-20,11,1.0,22.7273
2023-10-09,2023-12-15,67,1.0,40.9091
2023-10-09,2024-03-15,158,1.0,61.3636
2023-10-10,2024-03-15,157,1.0,93.75
2023-10-11,2024-03-15,156,1.0,38.7931
2023-10-12,2024-03-15,155,1.0,55.5556
2023-10-13,2024-03-15,154,1.0,40.5405
2023-10-16,2024-03-15,151,1.0,52.2727
2023-10-17,2024-03-15,150,1.0,60.9244
2023-10-18,2024-03-15,149,1.0,52.1739
2023-10-20,2023-12-15,56,1.0,25.0
2023-10-20,2024-06-21,245,1.0,125.0
2023-10-23,2023-12-15,53,1.0,24.5536
2023-10-23,2024-03-15,144,1.0,42.4107
2023-10-23,2024-06-21,242,1.0,80.3571
2023-10-24,2024-03-15,143,1.0,43.8596
2023-10-24,2024-06-21,241,1.0,78.9474
2023-10-25,2023-12-15,51,1.0,29.9145
2023-10-25,2024-03-15,142,1.0,38.4615
2023-10-25,2024-06-21,240,1.0,55.5556
2023-10-26,2024-03-15,141,1.0,44.1176
2023-10-26,2024-06-21,239,1.0,54.6218
2023-10-30,2024-06-21,235,1.0,43.75
2023-10-31,2024-03-15,136,1.0,40.9091
2023-10-31,2024-06-21,234,1.0,86.3636
2023-11-01,2024-03-15,135,1.0,52.7523
2023-11-01,2024-06-21,233,1.0,94.0367
2023-11-02,2023-12-15,43,1.0,25.7009
2023-11-02,2024-03-15,134,1.0,42.0561
2023-11-03,2024-03-15,133,1.0,35.3982
2023-11-06,2024-03-15,130,1.0,37.9464
2023-11-06,2024-06-21,228,1.0,84.8214
2023-11-07,2024-06-21,227,1.0,79.646
2023-11-08,2024-06-21,226,1.0,211.5385
2023-11-09,2024-03-15,127,1.0,38.7597
2023-11-09,2024-06-21,225,1.0,50.3876
2023-11-10,2024-03-15,126,1.0,30.303
2023-11-10,2024-06-21,224,1.0,49.2424
2023-11-13,2023-11-17,4,1.0,24.6212
2023-11-13,2024-03-15,123,1.0,39.7727
2023-11-13,2024-06-21,221,1.0,39.7727
2023-11-14,2024-03-15,122,1.0,53.1915
2023-11-14,2024-06-21,220,1.0,53.1915
2023-11-15,2024-03-15,121,1.0,35.1064
2023-11-15,2024-06-21,219,1.0,47.8723
2023-11-16,2023-11-17,1,1.0,31.25
2023-11-16,2024-06-21,218,1.0,42.2794
2023-11-17,2024-06-21,217,1.0,44.4444
2023-11-20,2024-06-21,214,1.0,46.7626
2023-11-21,2024-06-21,213,1.0,48.1481
2023-11-22,2023-12-15,23,1.0,33.5821
2023-11-22,2024-06-21,212,1.0,50.3731
2023-11-24,2024-06-21,210,1.0,70.8955
2023-11-27,2023-12-15,18,1.0,26.5152
2023-11-27,2024-01-19,53,1.0,30.6818
2023-11-27,2024-03-15,109,1.0,39.7727
2023-11-27,2024-06-21,207,1.0,43.5606
2023-11-28,2024-06-21,206,1.0,47.7941
2023-11-29,2024-06-21,205,1.0,49.2958
2023-11-30,2024-06-21,204,1.0,46.5517
2023-12-01,2023-12-15,14,2.0,31.6456
2023-12-01,2024-03-15,105,2.0,37.9747
2023-12-01,2024-06-21,203,2.0,52.2152
2023-12-04,2024-03-15,102,2.0,42.2078
2023-12-04,2024-06-21,200,2.0,50.3247
2023-12-05,2024-03-15,101,2.0,45.0
2023-12-05,2024-06-21,199,2.0,56.6667
2023-12-06,2023-12-15,9,1.0,26.8456
2023-12-06,2024-06-21,198,1.0,43.6242
2023-12-07,2024-03-15,99,2.0,42.4837
2023-12-07,2024-06-21,197,2.0,55.5556
2023-12-08,2024-03-15,98,2.0,36.3636
2023-12-08,2024-06-21,196,2.0,51.5152
2023-12-11,2024-01-19,39,2.0,34.6386
2023-12-11,2024-03-15,95,2.0,42.1687
2023-12-11,2024-06-21,193,2.0,52.7108
2023-12-12,2024-01-19,38,2.0,32.8125
2023-12-12,2024-03-15,94,2.0,43.75
2023-12-12,2024-06-21,192,2.0,56.25
2023-12-13,2024-01-19,37,2.0,25.1479
2023-12-13,2024-03-15,93,2.0,38.4615
2023-12-13,2024-06-21,191,2.0,48.8166
2023-12-14,2024-01-19,36,2.0,25.7143
2023-12-14,2024-03-15,92,2.0,34.2857
2023-12-14,2024-06-21,190,2.0,57.1429
2023-12-15,2024-01-19,35,2.0,28.6145
2023-12-15,2024-03-15,91,2.0,34.6386
2023-12-15,2024-06-21,189,2.0,52.7108
2023-12-18,2024-01-19,32,2.0,25.2976
2023-12-18,2024-02-16,60,2.0,29.7619
2023-12-18,2024-03-15,88,2.0,35.7143
2023-12-18,2024-06-21,186,2.0,47.619
2023-12-19,2024-01-19,31,2.0,26.7857
2023-12-19,2024-02-16,59,2.0,31.25
2023-12-19,2024-03-15,87,2.0,34.2262
2023-12-19,2024-06-21,185,2.0,46.131
2023-12-20,2024-01-19,30,2.0,41.6667
2023-12-20,2024-02-16,58,2.0,27.7778
2023-12-20,2024-03-15,86,2.0,29.1667
2023-12-20,2024-06-21,184,2.0,40.2778
2023-12-21,2024-01-19,29,2.0,21.7391
2023-12-21,2024-02-16,57,2.0,23.0978
2023-12-21,2024-03-15,85,2.0,29.8913
2023-12-21,2024-06-21,183,2.0,58.4239
2023-12-22,2024-02-16,56,2.0,23.224
2023-12-22,2024-06-21,182,2.0,40.9836
2023-12-26,2024-01-19,24,2.0,16.3934
2023-12-26,2024-03-15,80,2.0,31.4208
2023-12-26,2024-06-21,178,2.0,46.4481
2023-12-27,2024-01-19,23,2.0,14.7059
2023-12-27,2024-03-15,79,2.0,26.738
2023-12-27,2024-06-21,177,2.0,36.0963
2023-12-28,2024-01-19,22,2.0,14.6277
2023-12-28,2024-02-16,50,2.0,21.2766
2023-12-28,2024-03-15,78,2.0,26.5957
2023-12-28,2024-06-21,176,2.0,39.8936
2023-12-29,2024-01-19,21,2.0,16.4835
2023-12-29,2024-02-16,49,2.0,23.3516
2023-12-29,2024-03-15,77,2.0,27.4725
2023-12-29,2024-06-21,175,2.0,45.3297
2024-01-02,2024-01-19,17,2.0,16.9492
2024-01-02,2024-02-16,45,2.0,24.0113
2024-01-02,2024-03-15,73,2.0,26.8362
2024-01-02,2024-06-21,171,2.0,42.3729
2024-01-03,2024-01-19,16,2.0,28.9634
2024-01-03,2024-03-15,72,2.0,33.5366
2024-01-03,2024-06-21,170,2.0,47.2561
2024-01-04,2024-01-19,15,2.0,24.2424
2024-01-04,2024-03-15,71,2.0,33.3333
2024-01-04,2024-06-21,169,2.0,45.4545
2024-01-05,2024-03-15,70,2.0,29.4118
2024-01-05,2024-06-21,168,2.0,54.4118
2024-01-08,2024-03-15,67,2.0,32.9341
2024-01-08,2024-06-21,165,2.0,47.9042
2024-01-09,2024-01-19,10,2.0,19.1429
2024-01-09,2024-03-15,66,2.0,30.0
2024-01-09,2024-06-21,164,2.0,52.8571
2024-01-10,2024-06-21,163,2.0,52.8571
2024-01-11,2024-03-15,64,2.0,29.5858
2024-01-11,2024-06-21,162,2.0,48.8166
2024-01-12,2024-02-16,35,2.0,23.9521
2024-01-12,2024-03-15,63,2.0,29.9401
2024-01-12,2024-06-21,161,2.0,64.3713
2024-01-17,2024-06-21,156,1.5,42.4837
2024-01-19,2024-06-21,154,1.5,45.1807
2024-01-19,2024-09-20,245,1.5,52.7108
2024-01-22,2024-02-16,25,2.0,20.0
2024-01-22,2024-03-15,53,2.0,25.7143
2024-01-22,2024-06-21,151,2.0,38.5714
2024-01-22,2024-09-20,242,2.0,50.0
2024-01-23,2024-03-15,52,2.0,21.1864
2024-01-23,2024-06-21,150,2.0,39.548
2024-01-23,2024-09-20,241,2.0,50.8475
2024-01-24,2024-02-16,23,2.0,17.0455
2024-01-24,2024-03-15,51,2.0,22.7273
2024-01-24,2024-06-21,149,2.0,39.7727
2024-01-24,2024-09-20,240,2.0,51.1364
2024-01-25,2024-03-15,50,2.0,22.0994
2024-01-25,2024-06-21,148,2.0,38.674
2024-01-25,2024-09-20,239,2.0,49.7238
2024-01-26,2024-02-16,21,2.0,14.3979
2024-01-26,2024-03-15,49,2.0,23.5602
2024-01-26,2024-06-21,147,2.0,37.9581
2024-01-26,2024-09-20,238,2.0,45.8115
2024-01-29,2024-02-16,18,2.0,16.2088
2024-01-29,2024-03-15,46,2.0,21.978
2024-01-29,2024-06-21,144,2.0,38.4615
2024-01-29,2024-09-20,235,2.0,48.0769
2024-01-30,2024-03-15,45,2.0,23.6111
2024-01-30,2024-06-21,143,2.0,37.5
2024-01-30,2024-09-20,234,2.0,48.6111
2024-01-31,2024-09-20,233,1.5,45.0581
2024-02-01,2024-03-15,43,2.0,27.1429
2024-02-01,2024-06-21,141,2.0,38.5714
2024-02-01,2024-09-20,232,2.0,50.0
2024-02-02,2024-09-20,231,1.5,45.858
2024-02-05,2024-03-15,39,1.5,30.303
2024-02-05,2024-06-21,137,1.5,39.3939
2024-02-05,2024-09-20,228,1.5,45.4545
2024-02-06,2024-06-21,136,1.5,50.0
2024-02-06,2024-09-20,227,1.5,48.4848
2024-02-07,2024-03-15,37,1.5,36.5854
2024-02-07,2024-09-20,226,1.5,51.8293
2024-02-08,2024-06-21,134,1.5,66.2651
2024-02-08,2024-09-20,225,1.5,45.1807
2024-02-09,2024-09-20,224,1.5,46.131
2024-02-12,2024-03-15,32,2.0,22.0994
2024-02-12,2024-06-21,130,2.0,31.768
2024-02-12,2024-09-20,221,2.0,44.1989
2024-02-13,2024-03-15,31,1.5,26.0116
2024-02-13,2024-09-20,220,1.5,39.0173
2024-02-14,2024-02-16,2,2.0,17.5978
2024-02-14,2024-03-15,30,2.0,26.5363
2024-02-14,2024-06-21,128,2.0,36.3128
2024-02-14,2024-09-20,219,2.0,44.6927
2024-02-15,2024-03-15,29,2.0,22.7273
2024-02-15,2024-04-19,64,2.0,50.8021
2024-02-15,2024-06-21,127,2.0,33.4225
2024-02-15,2024-09-20,218,2.0,42.7807
2024-02-16,2024-03-15,28,2.0,23.6111
2024-02-16,2024-04-19,63,2.0,50.0
2024-02-16,2024-06-21,126,2.0,37.5
2024-02-16,2024-09-20,217,2.0,47.2222
2024-02-20,2024-04-19,59,1.5,23.5294
2024-02-20,2024-09-20,213,1.5,35.2941
2024-02-21,2024-04-19,58,1.5,24.8447
2024-02-21,2024-09-20,212,1.5,41.9255
2024-02-22,2024-03-15,22,2.0,21.978
2024-02-22,2024-04-19,57,2.0,30.2198
2024-02-22,2024-06-21,120,2.0,38.4615
2024-02-23,2024-03-15,21,2.0,19.4149
2024-02-23,2024-04-19,56,2.0,25.266
2024-02-23,2024-06-21,119,2.0,34.5745
2024-02-23,2024-09-20,210,2.0,39.8936
2024-02-26,2024-03-15,18,2.0,17.6768
2024-02-26,2024-06-21,116,2.0,54.2929
2024-02-26,2024-09-20,207,2.0,45.4545
2024-02-27,2024-03-15,17,2.0,16.2371
2024-02-27,2024-04-19,52,2.0,33.5052
2024-02-27,2024-06-21,115,2.0,50.2577
2024-02-27,2024-09-20,206,2.0,42.5258
2024-02-27,2024-12-20,297,2.0,55.4124
2024-02-28,2024-06-21,114,1.5,36.7647
2024-02-28,2024-12-20,296,1.5,52.9412
2024-02-29,2024-09-20,204,1.5,43.6047
2024-02-29,2024-12-20,295,1.5,42.1512
2024-03-01,2024-04-19,49,2.0,29.3296
2024-03-01,2024-06-21,112,2.0,33.5196
2024-03-01,2024-09-20,203,2.0,51.676
2024-03-01,2024-12-20,294,2.0,53.0726
2024-03-04,2024-04-19,46,2.0,24.1477
2024-03-04,2024-06-21,109,2.0,58.2386
2024-03-04,2024-09-20,200,2.0,45.4545
2024-03-04,2024-12-20,291,2.0,58.2386
2024-03-05,2024-06-21,108,1.5,34.8837
2024-03-05,2024-09-20,199,1.5,43.6047
2024-03-05,2024-12-20,290,1.5,52.3256
2024-03-06,2024-06-21,107,2.0,41.1932
2024-03-06,2024-09-20,198,2.0,38.3523
2024-03-06,2024-12-20,289,2.0,55.3977
2024-03-07,2024-06-21,106,1.5,43.1034
2024-03-07,2024-12-20,288,1.5,51.7241
2024-03-08,2024-06-21,105,2.0,34.9162
2024-03-08,2024-09-20,196,2.0,48.8827
2024-03-08,2024-12-20,287,2.0,51.676
2024-03-11,2024-09-20,193,2.0,50.0
2024-03-11,2024-12-20,284,2.0,57.1429
2024-03-12,2024-12-20,283,1.5,46.5116
2024-03-13,2024-06-21,100,1.5,45.5882
2024-03-13,2024-09-20,191,1.5,41.1765
2024-03-13,2024-12-20,282,1.5,61.7647
2024-03-14,2024-04-19,36,1.5,41.411
2024-03-14,2024-06-21,99,1.5,44.4785
2024-03-14,2024-09-20,190,1.5,58.2822
2024-03-14,2024-12-20,281,1.5,41.411
2024-03-15,2024-05-17,63,1.5,44.8718
2024-03-15,2024-06-21,98,1.5,35.2564
2024-03-15,2024-09-20,189,1.5,40.0641
2024-03-15,2024-12-20,280,1.5,54.4872
2024-03-18,2024-06-21,95,1.5,33.871
2024-03-18,2024-09-20,186,1.5,38.7097
2024-03-18,2024-12-20,277,1.5,48.3871
2024-03-19,2024-04-19,31,1.5,19.2308
2024-03-19,2024-05-17,59,1.5,46.4744
2024-03-19,2024-09-20,185,1.5,38.4615
2024-03-19,2024-12-20,276,1.5,51.2821
2024-03-20,2024-06-21,93,1.5,24.5399
2024-03-20,2024-09-20,184,1.5,41.411
2024-03-21,2024-05-17,57,1.5,23.7342
2024-03-21,2024-06-21,92,1.5,42.7215
2024-03-21,2024-09-20,183,1.5,37.9747
2024-03-21,2024-12-20,274,1.5,52.2152
2024-03-22,2024-05-17,56,1.5,20.5696
2024-03-22,2024-06-21,91,1.5,44.3038
2024-03-22,2024-09-20,182,1.5,50.6329
2024-03-22,2024-12-20,273,1.5,49.0506
2024-03-25,2024-05-17,53,1.5,20.8333
2024-03-25,2024-06-21,88,1.5,65.7051
2024-03-25,2024-09-20,179,1.5,46.4744
2024-03-25,2024-12-20,270,1.5,54.4872
2024-03-26,2024-05-17,52,1.5,29.2208
2024-03-26,2024-09-20,178,1.5,37.3377
2024-03-26,2024-12-20,269,1.5,53.5714
2024-03-27,2024-05-17,51,1.5,27.2727
2024-03-27,2024-06-21,86,1.5,25.7576
2024-03-27,2024-09-20,177,1.5,59.0909
2024-03-27,2024-12-20,268,1.5,42.4242
2024-03-28,2024-06-21,85,1.5,31.8182
2024-03-28,2024-09-20,176,1.5,40.9091
2024-03-28,2024-12-20,267,1.5,62.1212
2024-04-01,2024-06-21,81,1.5,45.0311
2024-04-01,2024-09-20,172,1.5,45.0311
2024-04-01,2024-12-20,263,1.5,46.5839
2024-04-02,2024-05-17,45,1.5,23.8853
2024-04-02,2024-06-21,80,1.5,49.3631
2024-04-02,2024-09-20,171,1.5,47.7707
2024-04-02,2024-12-20,262,1.5,52.5478
2024-04-03,2024-06-21,79,1.5,27.7778
2024-04-03,2024-09-20,170,1.5,38.5802
2024-04-03,2024-12-20,261,1.5,46.2963
2024-04-04,2024-09-20,169,1.5,37.2024
2024-04-04,2024-12-20,260,1.5,47.619
2024-04-05,2024-06-21,77,1.5,21.7391
2024-04-05,2024-09-20,168,1.5,62.1118
2024-04-08,2024-05-17,39,1.5,30.303
2024-04-08,2024-06-21,74,1.5,28.7879
2024-04-08,2024-09-20,165,1.5,34.8485
2024-04-08,2024-12-20,256,1.5,42.4242
2024-04-09,2024-09-20,164,1.5,39.6341
2024-04-09,2024-12-20,255,1.5,48.7805
2024-04-10,2024-05-17,37,1.5,21.1039
2024-04-10,2024-06-21,72,1.5,24.3506
2024-04-10,2024-09-20,163,1.5,35.7143
2024-04-10,2024-12-20,254,1.5,45.4545
2024-04-11,2024-06-21,71,1.5,22.293
2024-04-11,2024-09-20,162,1.5,38.2166
2024-04-11,2024-12-20,253,1.5,42.9936
2024-04-12,2024-05-17,35,1.5,18.0921
2024-04-12,2024-06-21,70,1.5,26.3158
2024-04-12,2024-09-20,161,1.5,36.1842
2024-04-12,2024-12-20,252,1.5,41.1184
2024-04-15,2024-05-17,32,1.5,20.4082
2024-04-15,2024-06-21,67,1.5,28.9116
2024-04-15,2024-09-20,158,1.5,44.2177
2024-04-15,2024-12-20,249,1.5,42.517
2024-04-16,2024-05-17,31,1.5,17.1233
2024-04-16,2024-06-21,66,1.5,23.9726
2024-04-16,2024-09-20,157,1.5,34.2466
2024-04-17,2024-06-21,65,1.5,24.4755
2024-04-17,2024-09-20,156,1.5,36.7133
2024-04-17,2024-12-20,247,1.5,52.4476
2024-04-18,2024-05-17,29,1.5,17.3611
2024-04-18,2024-06-21,64,1.5,24.3056
2024-04-18,2024-09-20,155,1.5,43.4028
2024-04-18,2024-12-20,246,1.5,46.875
2024-04-19,2024-06-21,63,1.5,23.4899
2024-04-19,2024-09-20,154,1.5,57.047
2024-04-19,2024-12-20,245,1.5,36.9128
2024-04-22,2024-06-21,60,1.5,22.1088
2024-04-22,2024-09-20,151,1.5,34.0136
2024-04-22,2024-12-20,242,1.5,39.1156
2024-04-23,2024-06-21,59,1.5,21.6667
2024-04-23,2024-09-20,150,1.5,36.6667
2024-04-23,2024-12-20,241,1.5,40.0
2024-04-24,2024-06-21,58,1.5,24.3056
2024-04-24,2024-09-20,149,1.5,55.5556
2024-04-24,2024-12-20,240,1.5,43.4028
2024-04-25,2024-12-20,239,1.5,45.1389
2024-04-26,2024-09-20,147,1.5,36.4583
2024-04-26,2024-12-20,238,1.5,52.0833
2024-04-29,2024-06-21,53,1.5,22.5694
2024-04-29,2024-09-20,144,1.5,36.4583
2024-04-29,2024-12-20,235,1.5,45.1389
2024-04-30,2024-05-17,17,1.5,19.7842
2024-04-30,2024-06-21,52,1.5,25.1799
2024-04-30,2024-09-20,143,1.5,35.9712
2024-04-30,2024-12-20,234,1.5,39.5683
2024-05-02,2024-06-21,50,1.5,23.871
2024-05-02,2024-09-20,141,1.5,53.2258
2024-05-03,2024-06-21,49,1.5,26.6667
2024-05-06,2024-09-20,137,1.5,49.0196
2024-05-13,2024-06-21,39,1.5,12.3377
2024-05-13,2024-12-20,221,1.5,38.961
2024-05-21,2024-07-19,59,1.5,19.4805
2024-07-18,2024-09-20,64,1.5,43.4132
2024-07-25,2025-03-21,239,1.5,36.5854
2024-07-26,2024-09-20,56,1.5,19.697
2024-07-29,2024-09-20,53,1.5,22.2892
2024-07-31,2025-03-21,233,1.5,61.747
2024-08-01,2024-09-20,50,1.5,19.6078
2024-08-01,2024-12-20,141,1.5,29.4118
2024-08-01,2025-03-21,232,1.5,49.0196
2024-08-07,2024-08-16,9,1.5,14.3885
2024-08-07,2024-09-20,44,1.5,26.9784
2024-08-13,2024-12-20,129,1.5,23.0496
2024-08-13,2025-03-21,220,1.5,33.6879
2024-08-15,2025-03-21,218,1.5,37.931
2024-08-19,2025-03-21,214,1.5,42.8082
2024-08-20,2024-12-20,122,1.5,56.8965
2024-08-20,2025-03-21,213,1.5,53.4483
2024-08-21,2024-12-20,121,1.5,27.5862
2024-08-22,2024-12-20,120,1.5,28.777
2024-08-23,2025-03-21,210,1.5,72.6351
2024-08-26,2025-03-21,207,1.5,32.2581
2024-08-27,2024-12-20,115,1.5,25.0
2024-08-27,2025-03-21,206,1.5,73.3333
2024-08-28,2024-12-20,114,1.5,27.3973
2024-08-28,2025-03-21,205,1.5,41.0959
2024-08-29,2024-12-20,113,1.5,25.0
2024-08-29,2025-03-21,204,1.5,75.0
2024-08-30,2024-12-20,112,1.5,26.6667
2024-08-30,2025-03-21,203,1.5,50.0
2024-09-03,2025-03-21,199,1.5,46.9799
2024-09-04,2025-03-21,198,1.5,56.8965
2024-09-05,2024-12-20,106,1.5,24.1935
2024-09-05,2025-03-21,197,1.5,59.6774
2024-09-06,2025-03-21,196,1.5,46.6667
2024-09-09,2025-03-21,193,1.5,41.9355
2024-09-10,2024-12-20,101,1.5,22.5806
2024-09-11,2024-12-20,100,1.5,22.7273
2024-09-11,2025-03-21,191,1.5,50.3247
2024-09-18,2024-09-20,2,1.5,14.6199
2025-02-24,2025-03-21,25,1.5,36.7424
2025-03-05,2025-03-21,16,1.5,21.7054
2025-03-06,2025-03-21,15,1.5,25.1969
2025-03-11,2025-04-17,37,1.0,25.8197
2025-03-13,2025-04-17,35,1.0,22.7273
2025-04-21,2025-05-16,25,1.0,26.3158
2025-04-23,2025-05-16,23,1.0,15.0
2025-04-30,2025-06-20,51,1.0,28.0612
2025-05-08,2025-05-16,8,1.0,16.6667
2025-05-13,2025-05-16,3,1.0,23.9316
2025-05-28,2025-06-20,23,1.0,14.1509
2025-06-04,2025-06-20,16,1.0,16.055
2025-06-04,2025-07-18,44,1.0,16.9725
2025-06-04,2025-09-19,107,1.0,29.8165
2025-06-05,2025-12-19,197,1.0,41.2844
2025-06-12,2025-07-18,36,1.0,25.8621
2025-06-18,2025-09-19,93,1.0,29.5455
2025-06-20,2025-09-19,91,1.0,28.5714
2025-06-23,2025-07-18,25,1.0,23.7069
2025-06-23,2025-09-19,88,1.0,40.9483
2025-06-24,2025-07-18,24,1.0,18.1034
2025-06-24,2025-09-19,87,1.0,38.7931
2025-06-26,2025-09-19,85,1.0,42.0168
2025-06-27,2025-09-19,84,1.0,37.5
2025-06-30,2025-09-19,81,1.0,34.188
2025-07-01,2025-09-19,80,1.0,36.017
2025-07-02,2025-09-19,79,1.0,52.8455
2025-07-03,2025-09-19,78,1.0,34.2742
2025-07-07,2025-09-19,74,1.0,42.3729
2025-07-08,2025-08-15,38,1.0,26.0504
2025-07-08,2025-09-19,73,1.0,52.521
2025-07-09,2025-09-19,72,1.0,34.5528
2025-07-18,2025-12-19,154,1.0,33.8983
2025-07-23,2025-09-19,58,1.0,29.4118
2025-07-24,2025-08-15,22,1.0,22.6087
2025-07-24,2025-09-19,57,1.0,21.7391
2025-07-28,2025-08-15,18,1.0,18.018
2025-07-29,2025-09-19,52,1.0,22.3214
2025-08-04,2025-09-19,46,1.0,27.2727
2025-08-05,2025-09-19,45,1.0,21.1864
2025-08-06,2025-09-19,44,1.0,22.7273
2025-08-07,2025-09-19,43,1.0,18.018
2025-08-13,2025-09-19,37,1.0,23.5043
2025-08-15,2025-09-19,35,1.0,21.1864
2025-08-18,2025-09-19,32,1.0,22.6496
2025-08-28,2025-09-19,22,1.5,23.8095
2025-08-28,2025-12-19,113,1.5,33.7302
2025-08-29,2025-12-19,112,1.0,30.2419
2025-09-02,2025-12-19,108,1.5,33.7302
2025-09-03,2026-03-20,198,1.5,33.2031
2025-09-04,2026-03-20,197,1.5,32.9457
2025-09-05,2026-03-20,196,1.5,32.197
2025-09-08,2025-09-19,11,1.5,16.7883
2025-09-08,2026-03-20,193,1.5,32.8467
2025-09-09,2026-03-20,192,1.5,27.6119
2025-09-10,2026-03-20,191,1.5,37.0079
2025-09-11,2026-03-20,190,1.5,35.7143
2025-09-17,2025-12-19,93,1.5,21.5827
2025-09-17,2026-03-20,184,1.5,30.5755
2025-09-18,2025-12-19,92,1.5,18.8356
2025-09-18,2026-03-20,183,1.5,29.1096
2025-09-19,2025-11-21,63,1.5,19.6429
2025-09-19,2025-12-19,91,1.5,25.0
2025-09-19,2026-03-20,182,1.5,30.3571
2025-09-22,2026-03-20,179,1.5,33.1126
2025-09-23,2025-12-19,87,1.5,24.6711
2025-09-23,2026-03-20,178,1.5,34.5395
2025-09-24,2025-12-19,86,1.5,26.3158
2025-09-24,2026-03-20,177,1.5,32.8947
2025-09-25,2025-12-19,85,1.5,21.8121
2025-09-26,2025-12-19,84,1.5,27.027
2025-09-26,2026-03-20,175,1.5,30.4054
2025-09-29,2025-12-19,81,1.5,25.4777
2025-09-29,2026-03-20,172,1.5,33.4395
2025-09-30,2025-12-19,80,1.5,22.1519
2025-09-30,2026-03-20,171,1.5,31.6456
2025-10-01,2025-12-19,79,1.5,22.4359
2025-10-01,2026-03-20,170,1.5,32.0513
2025-10-02,2025-12-19,78,1.5,23.1788
2025-10-02,2026-03-20,169,1.5,31.457
2025-10-03,2025-12-19,77,1.5,23.6486
2025-10-03,2026-03-20,168,1.5,32.0946
2025-10-06,2025-12-19,74,1.5,23.6486
2025-10-06,2026-03-20,165,1.5,32.0946
2025-10-07,2026-12-18,437,1.5,71.6783
2025-10-09,2025-10-17,8,1.5,11.0294
2025-10-09,2025-11-21,43,1.5,20.2206
2025-10-09,2026-12-18,435,1.5,69.8529
2025-10-14,2025-11-21,38,1.5,37.037
2025-10-14,2026-12-18,430,1.5,100.0
2025-10-15,2026-12-18,429,1.5,91.9118
2025-10-16,2026-12-18,428,1.5,80.9859
2025-10-17,2025-11-21,35,1.5,32.3529
2025-10-17,2026-12-18,427,1.5,76.4706
2025-10-20,2025-11-21,32,2.0,54.5213
2025-10-20,2025-12-19,60,2.0,38.5638
2025-10-20,2026-03-20,151,2.0,35.9043
2025-10-20,2026-06-18,241,2.0,53.1915
2025-10-20,2026-12-18,424,2.0,75.7979
2025-10-21,2025-11-21,31,2.0,32.4324
2025-10-21,2025-12-19,59,2.0,35.1351
2025-10-21,2026-01-16,87,2.0,39.1892
2025-10-21,2026-03-20,150,2.0,52.7027
2025-10-21,2026-12-18,423,2.0,67.5676
2025-10-22,2025-11-21,30,2.0,32.5521
2025-10-22,2025-12-19,58,2.0,28.6458
2025-10-22,2026-03-20,149,2.0,53.3854
2025-10-22,2026-12-18,422,2.0,76.8229
2025-10-23,2025-11-21,29,2.0,31.9892
2025-10-23,2026-01-16,85,2.0,38.9785
2025-10-23,2026-03-20,148,2.0,45.6989
2025-10-23,2026-12-18,421,2.0,72.5806
2025-10-24,2026-01-16,84,2.0,37.6884
2025-10-24,2026-03-20,147,2.0,54.0201
2025-10-24,2026-12-18,420,2.0,60.3015
2025-10-27,2025-11-21,25,2.0,28.75
2025-10-27,2026-01-16,81,2.0,47.5
2025-10-27,2026-03-20,144,2.0,51.25
2025-10-27,2026-06-18,234,2.0,45.0
2025-10-27,2026-12-18,417,2.0,62.5
2025-10-28,2026-03-20,143,2.0,50.5051
2025-10-28,2026-06-18,233,2.0,46.7172
2025-10-29,2025-12-19,51,2.0,28.3505
2025-10-29,2026-03-20,142,2.0,50.2577
2025-10-30,2025-11-21,22,2.0,23.3516
2025-10-30,2025-12-19,50,2.0,29.9451
2025-10-30,2026-03-20,141,2.0,49.4505
2025-10-30,2026-06-18,231,2.0,50.8242
2025-10-30,2026-12-18,414,2.0,65.9341
2025-10-31,2025-11-21,21,2.0,28.7293
2025-10-31,2026-12-18,413,2.0,63.5359
2025-11-03,2026-06-18,227,2.0,52.7778
2025-11-03,2026-12-18,410,2.0,63.8889
2025-11-04,2025-12-19,45,1.5,47.4138
2025-11-05,2026-03-20,135,2.0,42.8177
2025-11-05,2026-06-18,225,2.0,52.4862
2025-11-05,2026-12-18,408,2.0,71.8232
2025-11-06,2026-06-18,224,2.0,57.5843
2025-11-06,2026-12-18,407,2.0,81.4607
2025-11-07,2026-03-20,133,2.0,49.2021
2025-11-07,2026-06-18,223,2.0,50.5319
2025-11-07,2026-12-18,406,2.0,74.4681
2025-11-10,2026-06-18,220,2.0,46.1538
2025-11-10,2026-12-18,403,2.0,62.8205
2025-11-11,2026-03-20,129,2.0,38.2653
2025-11-11,2026-06-18,219,2.0,43.3673
2025-11-11,2026-12-18,402,2.0,54.8469
2025-11-12,2026-03-20,128,2.0,38.6598
2025-11-12,2026-06-18,218,2.0,46.3918
2025-11-13,2025-12-19,36,2.0,22.3684
2025-11-13,2026-06-18,217,2.0,46.0526
2025-11-13,2026-12-18,400,2.0,71.0526
2025-11-14,2026-06-18,216,2.0,48.6842
2025-11-14,2026-12-18,399,2.0,63.1579
2025-11-17,2025-12-19,32,2.0,34.9162
2025-11-17,2026-03-20,123,2.0,43.2961
2025-11-17,2026-06-18,213,2.0,51.676
2025-11-17,2026-12-18,396,2.0,48.8827
2025-11-18,2026-06-18,212,2.0,50.2793
2025-11-18,2026-12-18,395,2.0,69.8324
2025-11-19,2026-01-16,58,2.0,48.0226
2025-11-19,2026-12-18,394,2.0,67.7966
2025-11-20,2025-12-19,29,1.5,30.5233
2025-11-21,2026-01-16,56,2.0,31.4208
2025-11-21,2026-06-18,209,2.0,47.8142
2025-11-21,2026-12-18,392,2.0,71.0382
2025-11-24,2026-12-18,389,2.0,72.1925
2025-11-25,2026-03-20,115,2.0,44.2708
2025-11-25,2026-12-18,388,2.0,69.0104
2025-11-26,2026-03-20,114,2.0,30.7692
2025-11-26,2026-12-18,387,2.0,64.1026
2025-11-28,2026-12-18,385,2.0,60.3015
2025-12-01,2026-03-20,109,2.0,47.5
2025-12-01,2026-12-18,382,2.0,60.0
2025-12-02,2026-12-18,381,2.0,60.6061
2025-12-03,2026-12-18,380,2.0,60.3015
2025-12-04,2026-01-16,43,2.0,31.25
2025-12-04,2026-12-18,379,2.0,60.0
2025-12-05,2026-12-18,378,2.0,57.7889
2025-12-08,2026-12-18,375,2.0,47.7941
2025-12-09,2026-03-20,101,2.0,43.6893
2025-12-12,2026-03-20,98,2.0,40.4412
2025-12-15,2026-03-20,95,2.0,50.0
2025-12-15,2026-12-18,368,2.0,52.5
2025-12-16,2026-03-20,94,2.0,46.4824
2025-12-17,2026-06-18,183,2.0,36.0697
2025-12-17,2026-12-18,366,2.0,54.7264
2025-12-18,2026-03-20,92,2.0,32.767
2025-12-19,2026-03-20,91,2.0,45.3431
2025-12-19,2026-06-18,181,2.0,42.8922
2025-12-22,2026-01-16,25,2.0,17.3611
2025-12-22,2026-03-20,88,2.0,47.4537
2025-12-24,2026-03-20,86,2.0,40.0
2025-12-26,2026-03-20,84,2.0,42.2222
2025-12-29,2026-03-20,81,2.0,32.5581
2025-12-30,2026-03-20,80,2.0,36.0465
2025-12-31,2026-03-20,79,2.0,35.0679
2026-01-02,2026-01-16,14,2.0,17.217
2026-01-05,2026-01-16,11,2.0,14.1509
2026-01-06,2026-03-20,73,2.0,36.0465
2026-01-07,2026-03-20,72,2.0,34.689
2026-01-08,2026-03-20,71,2.0,37.2596
2026-01-09,2026-03-20,70,2.0,37.6214
2026-01-13,2026-01-16,3,2.0,9.2233
2026-01-13,2026-03-20,66,2.0,29.1262
2026-01-15,2026-03-20,64,2.0,29.9043
2026-01-21,2026-03-20,58,2.0,37.2596
2026-01-22,2026-03-20,57,2.0,34.3602
2026-02-05,2026-09-18,225,2.0,43.4783
2026-02-06,2026-09-18,224,2.0,43.7788
2026-02-06,2026-12-18,315,2.0,55.2995
2026-02-09,2026-09-18,221,2.0,35.3881
2026-02-10,2026-02-20,10,2.0,17.3729
2026-02-10,2026-03-20,38,2.0,19.2797
2026-02-10,2026-06-18,128,2.0,22.2458
2026-02-10,2026-12-18,311,2.0,16.9492
2026-02-13,2026-12-18,308,2.0,19.0377
2026-02-17,2026-03-20,31,2.0,15.3361
2026-02-23,2026-12-18,298,2.0,21.0084
2026-02-24,2026-03-20,24,2.0,13.7131
2026-03-06,2026-12-18,287,2.0,22.1519
2026-03-09,2026-03-20,11,2.0,11.3924
2026-03-20,2026-12-18,273,2.0,19.6653
2026-03-23,2026-12-18,270,2.0,21.0084
2026-03-24,2026-12-18,269,2.0,22.7083
2026-03-25,2026-06-18,85,2.0,22.0588
2026-03-26,2026-12-18,267,2.0,23.2068
2026-03-27,2026-12-18,266,2.0,21.2766
2026-03-30,2026-09-18,172,2.0,22.2458
2026-03-30,2026-12-18,263,2.0,22.2458
2026-04-27,2026-05-15,18,2.0,15.7563
2026-06-01,2026-06-18,17,2.0,20.7469
2026-08-10,2026-08-21,11,2.0,12.4481
2026-08-13,2026-09-18,36,2.0,14.8707
2026-08-17,2026-09-18,32,2.0,12.931
2026-08-17,2027-03-19,214,2.0,20.4741
2026-08-27,2026-12-18,113,2.0,19.8745
