date,equity_call_oi,equity_put_oi,equity_pcr_oi,index_call_oi,index_put_oi,index_pcr_oi,occ_total_oi
2023-06-01,222553665,196339533,0.8822,18155326,18847562,1.0381,456287631
2023-06-02,224336481,199596507,0.8897,18573093,19284032,1.0383,462199573
2023-06-05,222722796,195650490,0.8784,18641850,19109386,1.0251,456543762
2023-06-06,226130518,198961494,0.8799,18878956,19456507,1.0306,463855770
2023-06-07,230811436,202398829,0.8769,19195587,19816174,1.0323,472654454
2023-06-08,234310371,205967284,0.879,19610261,20205938,1.0304,480536581
2023-06-09,235303529,208497694,0.8861,19862302,20556462,1.0349,484669045
2023-06-12,232653405,206065371,0.8857,20152155,20656219,1.025,479988710
2023-06-13,236316915,209565331,0.8868,20576958,20863252,1.0139,487788126
2023-06-14,240303637,213010580,0.8864,20800164,21157388,1.0172,495750094
2023-06-15,242230433,216648590,0.8944,21163870,21649022,1.0229,502161411
2023-06-16,228028507,214233404,0.9395,19770233,21924465,1.109,484433031
2023-06-20,194869727,169029857,0.8674,19631434,18382136,0.9364,402380252
2023-06-21,199169732,172044853,0.8638,19959827,16949430,0.8492,408588906
2023-06-22,202701759,175771179,0.8671,16253784,17006891,1.0463,412135122
2023-06-23,205171053,177027485,0.8628,16572890,17288913,1.0432,416461291
2023-06-26,201836867,175078214,0.8674,16758060,17206680,1.0268,411284130
2023-06-27,205250599,178981447,0.872,16908975,17446395,1.0318,418994985
2023-06-28,208721900,181425376,0.8692,17275819,17661827,1.0223,425498388
2023-06-29,211971659,184019398,0.8681,17460309,17828061,1.0211,431693033
2023-06-30,211977079,187635170,0.8852,17561538,18580317,1.058,436171076
2023-07-03,206884950,179201189,0.8662,17477829,17430545,0.9973,421412447
2023-07-05,210452346,182332613,0.8664,17700170,17738457,1.0022,428649957
2023-07-06,213978165,185610022,0.8674,18054580,18180330,1.007,436228474
2023-07-07,216052837,187530905,0.868,18329141,18367478,1.0021,440683185
2023-07-10,214070347,185971799,0.8687,18372253,18255160,0.9936,437078810
2023-07-11,218507833,189311663,0.8664,18693015,18463165,0.9877,445395502
2023-07-12,221799744,192978865,0.8701,19065824,18861478,0.9893,453142334
2023-07-13,225733974,197120643,0.8732,19149247,19181189,1.0017,461631039
2023-07-14,227165945,199741756,0.8793,19464870,19536161,1.0037,466357197
2023-07-17,225766205,197304814,0.8739,19701393,19519042,0.9907,462744878
2023-07-18,229810619,201117217,0.8751,20109994,19763475,0.9828,471263502
2023-07-19,234137388,204893576,0.8751,20616055,19231087,0.9328,479350500
2023-07-20,237695662,207928622,0.8748,17302981,19292914,1.115,482628263
2023-07-21,224946022,206963587,0.9201,16996198,19555848,1.1506,468866813
2023-07-24,204386165,177827388,0.8701,17085754,17719328,1.0371,417436447
2023-07-25,208765391,182229661,0.8729,17207284,17933663,1.0422,426552102
2023-07-26,212696080,185198503,0.8707,17401058,18275245,1.0502,433989348
2023-07-27,216807016,189375645,0.8735,17593460,18556623,1.0547,442749738
2023-07-28,218185028,192581829,0.8827,17698002,18921316,1.0691,447801169
2023-07-31,215531919,188400185,0.8741,17716079,18848655,1.0639,440911589
2023-08-01,220204332,191987975,0.8719,18209353,18687889,1.0263,449508070
2023-08-02,224606188,195809455,0.8718,18574625,19105495,1.0286,458502534
2023-08-03,228301617,199591674,0.8742,18781998,19359229,1.0307,466431384
2023-08-04,230812959,200488855,0.8686,19052318,19709921,1.0345,470462489
2023-08-07,225360858,197966150,0.8784,18945014,19741269,1.042,462409314
2023-08-08,229445550,200881441,0.8755,19048875,19955051,1.0476,469725628
2023-08-09,233706637,203746687,0.8718,19397381,20161764,1.0394,477462011
2023-08-10,237198056,207068805,0.873,19584086,20315055,1.0373,484601123
2023-08-11,239429313,207188415,0.8653,19802044,20437367,1.0321,487267627
2023-08-14,234584884,205917923,0.8778,19854835,20312928,1.0231,481096325
2023-08-15,238556312,208811512,0.8753,20240284,20583277,1.0169,488607090
2023-08-16,242555704,210779699,0.869,20315682,20415426,1.0049,494489050
2023-08-17,246647820,213259620,0.8646,17710129,19489157,1.1005,497490265
2023-08-18,244551425,207889353,0.8501,17839422,19694123,1.104,490353366
2023-08-21,213872200,188875909,0.8831,17450951,18563769,1.0638,439139570
2023-08-22,218442261,191189725,0.8752,17692505,18595336,1.051,446291148
2023-08-23,221987086,194044124,0.8741,17874788,18821689,1.053,453105171
2023-08-24,225760512,195792338,0.8673,18019073,18812702,1.044,458762101
2023-08-25,227454037,195411266,0.8591,18173426,19127352,1.0525,460548221
2023-08-28,221793703,192682221,0.8687,18198620,18923552,1.0398,451991734
2023-08-29,225696612,196232090,0.8695,18467276,19183779,1.0388,459987620
2023-08-30,229201460,198708564,0.867,18731997,19396888,1.0355,466447616
2023-08-31,232387135,201243177,0.866,19076785,19505910,1.0225,472630468
2023-09-01,232913143,203121314,0.8721,19133651,19448459,1.0165,475039220
2023-09-05,230426969,199234745,0.8646,19315155,19313699,0.9999,468715340
2023-09-06,233735901,201176023,0.8607,19585105,19567709,0.9991,474490395
2023-09-07,237361848,203709646,0.8582,19701220,19770359,1.0035,480968378
2023-09-08,239605797,205162768,0.8563,19876540,20033039,1.0079,485109318
2023-09-11,237330679,203814449,0.8588,20007220,19982499,0.9988,481574545
2023-09-12,241102530,206779458,0.8576,20329081,20080789,0.9878,488734329
2023-09-13,243698274,209097963,0.858,20658203,20167192,0.9762,494073871
2023-09-14,246014414,212726069,0.8647,20947606,20499053,0.9786,500655445
2023-09-15,238666685,207456178,0.8692,20448251,20281740,0.9919,487321148
2023-09-18,204523125,175840093,0.8598,19556770,17483663,0.894,417874452
2023-09-19,208648835,179271417,0.8592,20200240,17839044,0.8831,426424916
2023-09-20,212877251,181471467,0.8525,20640468,16809162,0.8144,432264384
2023-09-21,217512193,184480844,0.8481,17309455,16930051,0.9781,436627743
2023-09-22,220859128,185142757,0.8383,17644243,17455934,0.9893,441490356
2023-09-25,215600007,184509752,0.8558,17540574,17480796,0.9966,435519343
2023-09-26,219741998,186941105,0.8507,17933135,17737936,0.9891,442748910
2023-09-27,223758142,189571851,0.8472,18229878,18234766,1.0003,450177887
2023-09-28,227305281,192331849,0.8461,18258125,18346207,1.0048,456612859
2023-09-29,229316444,193377531,0.8433,18746340,18770931,1.0013,460588897
2023-10-02,224255101,189453707,0.8448,18497887,18122376,0.9797,450707947
2023-10-03,228794324,192073259,0.8395,18904331,18494237,0.9783,458658967
2023-10-04,232442507,194741395,0.8378,19017595,18905439,0.9941,465484712
2023-10-05,235982754,196961754,0.8346,19240470,19359749,1.0062,471919855
2023-10-06,237954110,199322748,0.8377,19400502,19813897,1.0213,476869263
2023-10-09,235012969,196664941,0.8368,19444211,19863117,1.0215,471357275
2023-10-10,238724381,199599495,0.8361,19711239,19998459,1.0146,478406665
2023-10-11,241769540,202145333,0.8361,19867079,20250364,1.0193,484410625
2023-10-12,245252620,204818537,0.8351,20283648,20265135,0.9991,490999512
2023-10-13,247581355,205818143,0.8313,20377742,20721969,1.0169,494898684
2023-10-16,244212958,204559363,0.8376,20462450,20566490,1.0051,490191549
2023-10-17,247500518,206794676,0.8355,20747189,20828943,1.0039,496261251
2023-10-18,251333568,208571517,0.8299,20774919,20936292,1.0078,502007399
2023-10-19,254771708,210317677,0.8255,18506835,19796263,1.0697,503752302
2023-10-20,252640413,201939635,0.7993,18602714,19833109,1.0661,493377647
2023-10-23,217185981,183086390,0.843,17978862,18421478,1.0246,437035519
2023-10-24,221814189,185965011,0.8384,17944400,18501451,1.031,444579813
2023-10-25,227503902,188205514,0.8273,18169943,18690828,1.0287,452928048
2023-10-26,231784610,191001361,0.824,18328180,18783615,1.0248,460262329
2023-10-27,235182423,191924819,0.8161,18684990,19170660,1.026,465336400
2023-10-30,229178227,191007247,0.8334,18814884,19172644,1.019,458543822
2023-10-31,232523307,193320259,0.8314,18861981,19123567,1.0139,464194470
2023-11-01,236377884,196255786,0.8303,18792518,19050460,1.0137,470849034
2023-11-02,240540085,200291121,0.8327,19019810,19257316,1.0125,479486492
2023-11-03,241436811,204808189,0.8483,19355483,19669255,1.0162,485655298
2023-11-06,240624921,200304276,0.8324,19410523,19555772,1.0075,480282643
2023-11-07,244639652,203794312,0.833,19639673,19579389,0.9969,488043449
2023-11-08,248344488,206753667,0.8325,19911069,19748052,0.9918,495157269
2023-11-09,251979927,209225298,0.8303,19984777,19827616,0.9921,501431731
2023-11-10,253311863,211854158,0.8363,20021596,20293124,1.0136,505898930
2023-11-13,250429448,207456182,0.8284,20199659,20091903,0.9947,498595902
2023-11-14,254725171,211808107,0.8315,20441682,20512196,1.0034,507918103
2023-11-15,259158326,215480061,0.8315,21186771,19612384,0.9257,515866166
2023-11-16,262700474,218426239,0.8315,18640296,19574677,1.0501,519720644
2023-11-17,251243100,217619321,0.8662,18616232,19940508,1.0711,507806291
2023-11-20,229403608,189929260,0.8279,18454635,18579780,1.0068,456764197
2023-11-21,232978948,192739549,0.8273,18854151,18746924,0.9943,463722635
2023-11-22,236081036,195846295,0.8296,19195557,19108468,0.9955,470628719
2023-11-24,235201673,196411775,0.8351,19145318,19112325,0.9983,470268877
2023-11-27,233739482,193768900,0.829,19460106,19205292,0.9869,466576430
2023-11-28,237286993,196750160,0.8292,19717133,19405200,0.9842,473565797
2023-11-29,241535967,200412044,0.8297,20257092,19751200,0.975,482362854
2023-11-30,244452250,204321028,0.8358,20579303,20024618,0.973,489789947
2023-12-01,245649877,208208525,0.8476,20846632,20060516,0.9623,495185718
2023-12-04,245332747,204555431,0.8338,21059172,19991651,0.9493,491381924
2023-12-05,249139206,208099482,0.8353,21287855,20199748,0.9489,499149679
2023-12-06,252957141,211374880,0.8356,21643949,20388907,0.942,506790918
2023-12-07,256212884,214905771,0.8388,21895829,20723578,0.9465,514164179
2023-12-08,256469715,217230449,0.847,22142982,21202974,0.9575,517479170
2023-12-11,255482151,213172905,0.8344,22337656,21250445,0.9513,512681170
2023-12-12,258866789,215895169,0.834,22605953,21577009,0.9545,519389769
2023-12-13,261808427,219791723,0.8395,22916965,22183826,0.968,527143417
2023-12-14,265435026,224532751,0.8459,23373845,22735688,0.9727,536520351
2023-12-15,249939698,225390252,0.9018,21247642,22876102,1.0766,519888950
2023-12-18,230385271,186981767,0.8116,20549750,17921619,0.8721,456272954
2023-12-19,234118640,191284982,0.817,20845245,18201834,0.8732,464894055
2023-12-20,238529788,194684021,0.8162,21262738,17299125,0.8136,472224206
2023-12-21,241422850,197508502,0.8181,17520426,17231978,0.9835,474049256
2023-12-22,241316911,199349679,0.8261,17512247,17436431,0.9957,475974389
2023-12-26,238352031,194924922,0.8178,17447703,17242039,0.9882,468322965
2023-12-27,241376118,197616890,0.8187,17598332,17381530,0.9877,474323577
2023-12-28,244444509,200488306,0.8202,17815424,17483259,0.9814,480574597
2023-12-29,245017683,202360584,0.8259,17545191,17876905,1.0189,483143921
2024-01-02,240889846,196563648,0.816,17590584,16781995,0.954,472173846
2024-01-03,245029086,199580761,0.8145,17813110,16958704,0.952,479725573
2024-01-04,248679150,202627061,0.8148,17954590,17133226,0.9543,486742960
2024-01-05,250839861,205117378,0.8177,18100058,17538299,0.969,491950866
2024-01-08,248012771,205661037,0.8292,18319517,17711297,0.9668,490066724
2024-01-09,251863091,208099797,0.8262,18599542,17897341,0.9622,496825502
2024-01-10,255883998,211420909,0.8262,18936767,18337016,0.9683,504955377
2024-01-11,259624345,214564162,0.8264,19203494,18495113,0.9631,512279379
2024-01-12,261710318,216614901,0.8277,20085284,18862339,0.9391,517664397
2024-01-16,259105385,214705034,0.8286,20477055,18839868,0.92,513496175
2024-01-17,263429695,216555321,0.8221,20472266,18764728,0.9166,519594539
2024-01-18,267764431,220410163,0.8231,17123560,18333480,1.0707,523962750
2024-01-19,245931222,213712431,0.869,16812592,18799853,1.1182,495593535
2024-01-22,173294789,157663195,0.9098,16736082,16892503,1.0093,364929520
2024-01-23,178153844,161704830,0.9077,17155085,17122615,0.9981,374486604
2024-01-24,183532055,166347840,0.9064,17406077,17515480,1.0063,385150884
2024-01-25,188440086,169998428,0.9021,17539201,17748262,1.0119,394074943
2024-01-26,190153675,172827050,0.9089,17873349,18146352,1.0153,399350790
2024-01-29,186669293,169675991,0.909,17918368,18154247,1.0132,392774537
2024-01-30,191461727,173481705,0.9061,18176444,18298933,1.0067,401778457
2024-01-31,195568048,176953838,0.9048,18437939,18538975,1.0055,409855924
2024-02-01,199348076,180992957,0.9079,18456272,18536884,1.0044,417703004
2024-02-02,201124100,184177196,0.9157,18672240,19088941,1.0223,423423251
2024-02-05,197928390,180532772,0.9121,18983854,19017006,1.0017,416829314
2024-02-06,203214692,184074070,0.9058,19305163,19116709,0.9902,426085644
2024-02-07,207644121,188600842,0.9083,19673303,19524554,0.9924,435823499
2024-02-08,211790725,191854324,0.9059,19917806,19674438,0.9878,443621486
2024-02-09,213012829,194957102,0.9152,20195396,20240543,1.0022,448792810
2024-02-12,211185824,192101756,0.9096,20441261,20190876,0.9878,444305726
2024-02-13,215895012,195177920,0.904,20630470,20580859,0.9976,452662362
2024-02-14,219434621,198725509,0.9056,20706193,20771848,1.0032,460012527
2024-02-15,222934579,202807002,0.9097,17736979,20239138,1.1411,464058136
2024-02-16,214856618,201440722,0.9376,17388969,20537978,1.1811,454571782
2024-02-20,193691018,176652845,0.912,17384284,18608094,1.0704,406687820
2024-02-21,197761995,180308579,0.9117,17482615,18873424,1.0796,414778919
2024-02-22,202369046,184843949,0.9134,17699697,19263839,1.0884,424538826
2024-02-23,204979341,187357926,0.914,17834778,19580815,1.0979,430115467
2024-02-26,203036884,184703951,0.9097,18115228,19430394,1.0726,425654733
2024-02-27,207844869,188166609,0.9053,18275871,19626149,1.0739,434286734
2024-02-28,212147123,191570243,0.903,18440949,19780752,1.0727,442305205
2024-02-29,215325425,194886685,0.9051,18471022,20017212,1.0837,449067943
2024-03-01,217124655,198486832,0.9142,18663128,20073916,1.0756,454723586
2024-03-04,214926305,194315195,0.9041,18889068,19974034,1.0574,448483220
2024-03-05,219370389,197684718,0.9011,19146394,20185143,1.0543,456762105
2024-03-06,223304792,200883562,0.8996,19314684,20464793,1.0595,464350575
2024-03-07,226927261,204537481,0.9013,19424984,20853357,1.0735,472128422
2024-03-08,228647276,207365327,0.9069,19795083,21279726,1.075,477464480
2024-03-11,225511348,204227831,0.9056,19862944,21237071,1.0692,471219138
2024-03-12,229137455,207479650,0.9055,20011585,21521603,1.0755,478537504
2024-03-13,233057672,209992179,0.901,20528849,21824838,1.0631,485792306
2024-03-14,235062312,212861537,0.9056,21001750,22187871,1.0565,491498947
2024-03-15,223320100,208843093,0.9352,19628830,22249022,1.1335,474423018
2024-03-18,194515715,172556651,0.8871,19232037,18509998,0.9625,405203647
2024-03-19,198156000,176206241,0.8892,19481622,18632207,0.9564,412862904
2024-03-20,202267848,179668025,0.8883,19594055,18277600,0.9328,420197332
2024-03-21,206607002,183449593,0.8879,16648932,17919607,1.0763,424990669
2024-03-22,208137817,186510074,0.8961,16871955,18217210,1.0797,430108590
2024-03-25,205391900,182446053,0.8883,16951264,18061218,1.0655,423225646
2024-03-26,208947577,185173293,0.8862,17172633,18224449,1.0612,429898035
2024-03-27,212656826,188631889,0.887,17443305,18647789,1.0691,437766006
2024-03-28,214062949,192690097,0.9002,17435112,19055606,1.0929,443629796
2024-04-01,211138161,187222548,0.8867,17449800,18115052,1.0381,434310936
2024-04-02,215506947,190253691,0.8828,17718431,18459829,1.0418,442318942
2024-04-03,219369462,193382716,0.8815,17814293,18708139,1.0502,449648549
2024-04-04,224098881,196826050,0.8783,18175915,18906578,1.0402,458385261
2024-04-05,226441299,199263234,0.88,18313415,19738841,1.0778,464132110
2024-04-08,222341481,196471953,0.8836,18346105,19648046,1.071,457187179
2024-04-09,226164253,199425256,0.8818,18453254,19917248,1.0793,464341837
2024-04-10,230040154,201811939,0.8773,18670064,20246374,1.0844,471153011
2024-04-11,232988112,205160024,0.8806,18692831,20401903,1.0914,477623696
2024-04-12,236772849,206217553,0.871,19352635,20917842,1.0809,483659034
2024-04-15,233048146,204104558,0.8758,19642663,21019033,1.0701,478248441
2024-04-16,236531671,206597135,0.8734,19878964,21266323,1.0698,484680878
2024-04-17,240355512,207832462,0.8647,19535849,21444075,1.0977,489576110
2024-04-18,243628236,209989561,0.8619,17473112,20203863,1.1563,491662691
2024-04-19,238598199,202501453,0.8487,17620735,20362721,1.1556,479457264
2024-04-22,204863294,181504814,0.886,17292975,19019387,1.0998,423058763
2024-04-23,209538221,185364239,0.8846,17448441,19291108,1.1056,432017078
2024-04-24,213918682,188204755,0.8798,17590706,19408680,1.1033,439494490
2024-04-25,216918596,191730711,0.8839,17641739,19538457,1.1075,446210247
2024-04-26,218521650,194384643,0.8895,17755381,19906527,1.1212,450946431
2024-04-29,215632970,189867791,0.8805,17736419,19663414,1.1086,443279158
2024-04-30,219687916,192806234,0.8776,17955747,19678995,1.096,450512384
2024-05-01,223272035,195369031,0.875,17960848,19583659,1.0904,456570760
2024-05-02,227243204,198530599,0.8736,17988392,19784914,1.0999,463935930
2024-05-03,228378112,201145048,0.8808,18291445,20179820,1.1032,468397104
2024-05-06,224412455,198056374,0.8826,18520486,20159190,1.0885,461557426
2024-05-07,228459311,201773292,0.8832,19033351,20322176,1.0677,470002187
2024-05-08,231883846,204419109,0.8816,19266258,20567350,1.0675,476566714
2024-05-09,235520958,208100086,0.8836,19451579,20760732,1.0673,484277799
2024-05-10,237184112,210199407,0.8862,19747046,21116847,1.0694,488697806
2024-05-13,234701837,207237408,0.883,19864036,20939864,1.0542,483193326
2024-05-14,239684731,211187585,0.8811,20237362,21240425,1.0496,492801312
2024-05-15,243379958,215278209,0.8845,20827492,21752420,1.0444,501695633
2024-05-16,247493530,218293939,0.882,21296250,22044551,1.0351,509594370
2024-05-17,234619969,217767974,0.9282,21099292,22440896,1.0636,496401125
2024-05-20,212248136,188279136,0.8871,21170039,20812509,0.9831,442990883
2024-05-21,216396935,191840433,0.8865,21607024,21134432,0.9781,451639684
2024-05-22,221065195,195766296,0.8856,22108966,20098471,0.9091,459517969
2024-05-23,224929098,199061044,0.885,18310366,20176507,1.1019,462894509
2024-05-24,225751277,201095014,0.8908,18533560,20561853,1.1094,466358664
2024-05-28,222176370,197918157,0.8908,18693102,20433730,1.0931,459639016
2024-05-29,226138925,201590498,0.8914,18812090,20637415,1.097,467595528
2024-05-30,229887018,204200601,0.8883,18997781,20833354,1.0966,474340126
2024-05-31,230940414,206369737,0.8936,19111936,21195853,1.109,478047046
2024-06-03,226832897,202453054,0.8925,19304330,20709742,1.0728,469729216
2024-06-04,230379896,205213150,0.8908,19471636,20971795,1.077,476468296
2024-06-05,234104585,208486111,0.8906,19677089,21296714,1.0823,484006194
2024-06-06,237806042,211345801,0.8887,20271839,21460837,1.0587,491316707
2024-06-07,239229796,212733221,0.8892,20561842,21769558,1.0587,494735721
2024-06-10,252158262,226790052,0.8994,20554877,21616020,1.0516,521562452
2024-06-11,256030240,229799952,0.8976,20725958,21921460,1.0577,528920381
2024-06-12,261401707,233357540,0.8927,21091691,22154725,1.0504,538458787
2024-06-13,263432969,235475450,0.8939,21409143,22444408,1.0484,543228799
2024-06-14,264193708,237918146,0.9005,21725999,22890261,1.0536,547195635
2024-06-17,260285877,233482658,0.897,22209320,23126772,1.0413,539566147
2024-06-18,264710808,236559659,0.8937,22717140,22442068,0.9879,546898834
2024-06-20,267717057,239257311,0.8937,19640093,22771245,1.1594,549810865
2024-06-21,251163157,233949775,0.9315,18038657,23037467,1.2771,526614602
2024-06-24,211984390,186534142,0.8799,17750794,18982778,1.0694,435677557
2024-06-25,216204525,190159329,0.8795,17820030,19177969,1.0762,443786875
2024-06-26,222857956,195486128,0.8772,18197621,19346412,1.0631,456317086
2024-06-27,227048774,198225374,0.8731,18449885,19427985,1.053,463584203
2024-06-28,228608984,200269728,0.876,18619947,19851905,1.0662,467786761
2024-07-01,222869391,194570790,0.873,18653361,19173992,1.0279,455717062
2024-07-02,226638372,198060563,0.8739,18834041,19432145,1.0318,463425206
2024-07-03,229274104,200000150,0.8723,18980260,19718133,1.0389,468427883
2024-07-05,230858859,202971849,0.8792,19158428,20142506,1.0514,473596741
2024-07-08,229930505,200294484,0.8711,19498201,20103532,1.031,470301689
2024-07-09,233751593,203192732,0.8693,19703077,20319146,1.0313,477447595
2024-07-10,238051042,207043297,0.8697,19810612,20820552,1.051,486214285
2024-07-11,243049935,210040771,0.8642,20385891,21134820,1.0367,495104064
2024-07-12,243171272,213196095,0.8767,20671777,21639603,1.0468,499179031
2024-07-15,243669775,211787615,0.8692,21115967,21426122,1.0147,498495311
2024-07-16,248536372,215846909,0.8685,21626410,21922314,1.0137,508424888
2024-07-17,254244719,219617752,0.8638,21971028,21690773,0.9872,518014619
2024-07-18,257736230,222279230,0.8624,18633390,21402667,1.1486,520500665
2024-07-19,248646666,218302437,0.878,18653990,21670415,1.1617,507714184
2024-07-22,220711284,192090768,0.8703,18295584,19993168,1.0928,451527543
2024-07-23,225162724,195235177,0.8671,18524806,20203713,1.0906,459568448
2024-07-24,230684576,199150406,0.8633,19062520,20534179,1.0772,469880090
2024-07-25,234712727,201653343,0.8591,19139584,20773733,1.0854,476726303
2024-07-26,236544986,203449366,0.8601,19168557,21038323,1.0975,480641865
2024-07-29,229702946,199885510,0.8702,19319055,20835596,1.0785,470184040
2024-07-30,234361806,203397043,0.8679,19511358,21043773,1.0785,478756313
2024-07-31,237652318,207573147,0.8734,19677978,21452393,1.0902,486798967
2024-08-01,243312650,209985398,0.863,20152761,21387438,1.0613,495308027
2024-08-02,247787678,210950230,0.8513,20436916,22197223,1.0861,501886920
2024-08-05,240179257,208875813,0.8697,20339207,21886644,1.0761,491790780
2024-08-06,244943876,211724287,0.8644,20459077,21999874,1.0753,499597292
2024-08-07,249267553,213748563,0.8575,20828309,22444474,1.0776,506741319
2024-08-08,253556816,217500579,0.8578,20909283,23008383,1.1004,515433116
2024-08-09,255023225,218738978,0.8577,21061530,23309446,1.1067,518578616
2024-08-12,249761160,215347076,0.8622,21376849,23180877,1.0844,510086746
2024-08-13,253944607,219161752,0.863,21600997,23362471,1.0815,518486755
2024-08-14,258258716,222189418,0.8603,21954753,23430322,1.0672,526244589
2024-08-15,261758771,226607518,0.8657,22110282,23597041,1.0672,534488810
2024-08-16,252232644,225537140,0.8942,22020116,23829884,1.0822,524041266
2024-08-19,226657067,198941566,0.8777,21783010,22160247,1.0173,469973767
2024-08-20,231321354,202237070,0.8743,22295083,22491622,1.0088,478773092
2024-08-21,235275431,205570630,0.8737,22018540,22110581,1.0042,485402221
2024-08-22,239528425,208550505,0.8707,19225212,20716109,1.0775,488405403
2024-08-23,239730704,212523338,0.8865,19247270,21176411,1.1002,493073787
2024-08-26,237387780,208008831,0.8762,19321021,20902011,1.0818,486015796
2024-08-27,240375795,210614997,0.8762,19412499,21106533,1.0873,491913981
2024-08-28,244705157,213786871,0.8737,19526737,21250501,1.0883,499670949
2024-08-29,247829870,215935179,0.8713,19609319,21442075,1.0935,505224130
2024-08-30,248171770,218201890,0.8792,20253596,21807263,1.0767,508849710
2024-09-03,244239278,212927692,0.8718,19942262,21473758,1.0768,498977240
2024-09-04,247235102,215629112,0.8722,19964872,21859816,1.0949,505081363
2024-09-05,250384200,218095360,0.871,20982295,22017031,1.0493,511867098
2024-09-06,253999864,218681145,0.8609,20810024,22389930,1.0759,516276842
2024-09-09,248132850,217030088,0.8747,20715931,22385391,1.0806,508647988
2024-09-10,251788789,220062823,0.874,20896520,22568057,1.08,515703369
2024-09-11,255321720,223292135,0.8746,21241380,22961252,1.081,523200685
2024-09-12,259142240,227229728,0.8769,21530226,23199105,1.0775,531478068
2024-09-13,260291016,230257218,0.8846,21730696,23621593,1.087,536277434
2024-09-16,258337648,225758255,0.8739,21890584,23369739,1.0676,529736616
2024-09-17,262207219,229108661,0.8738,22104151,23516380,1.0639,537307845
2024-09-18,266028495,232258705,0.8731,21535763,23509656,1.0917,543701257
2024-09-19,268965082,236380224,0.8789,18438109,22220065,1.2051,546357705
2024-09-20,253368175,234953548,0.9273,16769093,22583667,1.3467,528002609
2024-09-23,224578874,194095247,0.8643,16468632,19074763,1.1582,454546018
2024-09-24,230781293,197796692,0.8571,16565437,19305693,1.1654,464777723
2024-09-25,235787412,201649778,0.8552,16925001,19531071,1.154,474224765
2024-09-26,242164623,205882991,0.8502,17026460,19734432,1.159,485139433
2024-09-27,243767770,209556887,0.8597,17818938,20122845,1.1293,491597298
2024-09-30,241825961,205870850,0.8513,17719463,20044637,1.1312,485798254
2024-10-01,248698167,209438837,0.8421,18067881,19514650,1.0801,496051419
2024-10-02,254090691,213281615,0.8394,18072203,19761426,1.0935,505541815
2024-10-03,258507492,217051955,0.8396,18708125,20026015,1.0704,514637125
2024-10-04,260188419,221023260,0.8495,18784099,20520288,1.0924,520864460
2024-10-07,257853615,217756367,0.8445,18759366,20328509,1.0836,515055614
2024-10-08,261849839,221161001,0.8446,18816886,20658883,1.0979,522842947
2024-10-09,265829931,224568231,0.8448,19037160,20957547,1.1009,530739540
2024-10-10,270258700,226847205,0.8394,19269481,21227451,1.1016,537953556
2024-10-11,271557420,230265017,0.8479,19389788,21636846,1.1159,543200407
2024-10-14,268648340,226135081,0.8418,19493426,21542313,1.1051,536158512
2024-10-15,273906129,229953434,0.8395,20015189,21694516,1.0839,545914486
2024-10-16,277777607,233998295,0.8424,19690900,22103771,1.1225,553921034
2024-10-17,281762261,236779475,0.8404,16999759,20462583,1.2037,556321745
2024-10-18,269358473,237081624,0.8802,16520905,20914819,1.266,544195340
2024-10-21,245049672,205961794,0.8405,16485268,18746786,1.1372,486566980
2024-10-22,249794960,209794431,0.8399,16734883,19214179,1.1482,495869213
2024-10-23,255314072,213564263,0.8365,17010030,19585521,1.1514,505813058
2024-10-24,259006139,216596408,0.8363,17187191,19812525,1.1527,512942711
2024-10-25,260580534,219060253,0.8407,17413324,20142929,1.1568,517541180
2024-10-28,256231227,215529135,0.8412,17383208,19963436,1.1484,509442843
2024-10-29,261222525,219483680,0.8402,17518923,20125861,1.1488,518687356
2024-10-30,266592720,223183550,0.8372,17689186,20273799,1.1461,528081580
2024-10-31,271843805,226048881,0.8315,18078236,20996237,1.1614,537319571
2024-11-01,273995071,226197622,0.8256,17925851,21183616,1.1817,539652103
2024-11-04,265904548,221122952,0.8316,17974259,21570097,1.2001,526925795
2024-11-05,271483562,225838594,0.8319,18241032,21736105,1.1916,537657204
2024-11-06,276595772,229806559,0.8308,18443278,21901045,1.1875,547104029
2024-11-07,281967081,233973220,0.8298,18830038,21982619,1.1674,557101358
2024-11-08,282792076,237641369,0.8403,19094547,22426160,1.1745,562316581
2024-11-11,280859720,232312682,0.8271,19461277,22138222,1.1376,555128685
2024-11-12,287239113,236073180,0.8219,19722628,22284166,1.1299,565684632
2024-11-13,291751568,239587343,0.8212,20004238,22428270,1.1212,574149301
2024-11-14,296766435,242182334,0.8161,20338355,22580995,1.1103,582242805
2024-11-15,288783776,238026781,0.8242,20394028,22981080,1.1269,570555706
2024-11-18,257492038,210635411,0.818,20295913,21263959,1.0477,510061319
2024-11-19,262503706,214640995,0.8177,20628187,21494552,1.042,519634604
2024-11-20,267677260,220937481,0.8254,20881228,20831783,0.9976,530693711
2024-11-21,272396035,221330478,0.8125,17655868,19797044,1.1213,531502087
2024-11-22,274632981,224581261,0.8178,17793502,20151914,1.1325,537482105
2024-11-25,272109939,220737176,0.8112,17944533,20005495,1.1149,531126966
2024-11-26,276806098,224364666,0.8105,18123802,20118429,1.1101,539736794
2024-11-27,280953513,227599334,0.8101,18301056,20231678,1.1055,547417034
2024-11-29,278289674,228886198,0.8225,18172066,20356162,1.1202,546041693
2024-12-02,275158349,224032468,0.8142,18114031,20142090,1.112,537797007
2024-12-03,279769977,227339489,0.8126,18556329,20356369,1.097,546375996
2024-12-04,284654421,231536733,0.8134,18816892,20726303,1.1015,556090451
2024-12-05,289447235,234920487,0.8116,19033720,20946488,1.1005,564702104
2024-12-06,290423894,238213176,0.8202,19334345,21334538,1.1035,569673361
2024-12-09,288634360,233886156,0.8103,19513016,20763960,1.0641,563165117
2024-12-10,293892051,237180513,0.807,19732282,20905917,1.0595,572080096
2024-12-11,298644669,240795872,0.8063,20110061,21112453,1.0498,581027360
2024-12-12,302823702,243617950,0.8045,20554894,21319579,1.0372,588683062
2024-12-13,294384804,238196188,0.8091,20767003,21291176,1.0252,575007313
2024-12-16,298549569,242727902,0.813,21058085,21620409,1.0267,584320646
2024-12-17,303599424,245661257,0.8092,21454569,22002125,1.0255,593071781
2024-12-18,309104060,247196690,0.7997,18475204,20536867,1.1116,595640362
2024-12-19,312965286,248421419,0.7938,18777583,21075298,1.1224,601567747
2024-12-20,257788433,204132553,0.7919,15394745,16297170,1.0586,493904205
2024-12-23,263777326,207744281,0.7876,15608146,16420970,1.0521,503836826
2024-12-24,266112681,209920928,0.7888,15703869,16478496,1.0493,508493102
2024-12-26,269777877,212100781,0.7862,15858698,16652886,1.0501,514676518
2024-12-27,261805037,207811891,0.7938,16004476,16637484,1.0396,502544094
2024-12-30,266793171,210510210,0.789,16156262,16805996,1.0402,510554114
2024-12-31,268169274,210812631,0.7861,15869874,16274610,1.0255,511414512
2025-01-02,272567022,213482283,0.7832,16080664,16531569,1.028,518957730
2025-01-03,268154465,211359836,0.7882,16089407,16424431,1.0208,512329045
2025-01-06,275636172,216444586,0.7853,16316807,16635594,1.0195,525334904
2025-01-07,280194143,220195338,0.7859,17125191,17173213,1.0028,534993106
2025-01-08,285585504,223495824,0.7826,17239248,17262798,1.0014,543895040
2025-01-09,285267618,223266804,0.7827,17196474,17223841,1.0016,543266089
2025-01-10,279134913,221155289,0.7923,17509315,17385470,0.9929,535504639
2025-01-13,285248799,224203480,0.786,17641545,17713810,1.0041,545130935
2025-01-14,291107050,227749037,0.7824,17847450,17955546,1.0061,554981115
2025-01-15,296629887,231483878,0.7804,18197814,18321981,1.0068,564967321
2025-01-16,300824513,233581778,0.7765,18792297,18590642,0.9893,572129781
2025-01-17,196924048,159667272,0.8108,18213132,16506940,0.9063,391657067
2025-01-21,204910823,164991038,0.8052,18795251,16703144,0.8887,405774094
2025-01-22,210848957,169412994,0.8035,15738084,15797154,1.0038,412124552
2025-01-23,216655222,174321043,0.8046,16095860,16118554,1.0014,423531108
2025-01-24,209803006,169500516,0.8079,16171475,16015678,0.9904,411837441
2025-01-27,217331540,174872092,0.8046,16291945,16388626,1.0059,425233615
2025-01-28,223159240,178745890,0.801,16496395,16451689,0.9973,435195384
2025-01-29,228174611,182593608,0.8002,16779648,16524424,0.9848,444411906
2025-01-30,234099432,187427149,0.8006,17479239,16821503,0.9624,456170501
2025-01-31,223816746,179740158,0.8031,17519937,16623388,0.9488,438043260
2025-02-03,230139257,184181564,0.8003,17680892,16864917,0.9538,449209934
2025-02-04,235672942,188591914,0.8002,17899108,17083387,0.9544,459585151
2025-02-05,241394567,192250505,0.7964,18202042,17314951,0.9513,469504803
2025-02-06,246012430,195904614,0.7963,18427825,17501300,0.9497,478205074
2025-02-07,236387416,190001849,0.8038,18553335,17485894,0.9425,462797815
2025-02-10,242452435,194155826,0.8008,18724643,17604304,0.9402,473315790
2025-02-11,247726764,198086496,0.7996,18889827,17774426,0.941,482852313
2025-02-12,252817575,201807846,0.7982,18942379,17976253,0.949,491926370
2025-02-13,258116346,205564291,0.7964,19197879,18282728,0.9523,501554867
2025-02-14,251235092,199797730,0.7953,19360857,18311443,0.9458,489110819
2025-02-18,258258903,204974313,0.7937,19955454,18502037,0.9272,502105150
2025-02-19,263308598,209508573,0.7957,16643636,17774192,1.0679,507619861
2025-02-20,268623960,213298025,0.794,17045627,18160073,1.0654,517518240
2025-02-21,226493689,182984946,0.8079,16724699,16840839,1.0069,443441860
2025-02-24,233841596,187844449,0.8033,16864941,17064172,1.0118,456008852
2025-02-25,241046407,192712878,0.7995,17163963,17497969,1.0195,468827853
2025-02-26,247219051,197335880,0.7982,17271055,17562464,1.0169,479784826
2025-02-27,252637739,200614882,0.7941,17972927,17800530,0.9904,489432566
2025-02-28,240359894,192934996,0.8027,18082484,17762672,0.9823,469530127
2025-03-03,246737212,197626230,0.801,18365065,18063282,0.9836,481196829
2025-03-04,252835293,202148312,0.7995,18692431,18702495,1.0005,492791339
2025-03-05,258484595,205620760,0.7955,19269325,18855932,0.9785,502620312
2025-03-06,264040312,208743392,0.7906,19539266,19314237,0.9885,512040154
2025-03-07,254357406,204001753,0.802,19513589,19252181,0.9866,497526735
2025-03-10,261562949,209203156,0.7998,19905548,19801958,0.9948,510890923
2025-03-11,266678182,213300028,0.7998,20356857,20629025,1.0134,521374971
2025-03-12,271338709,216059948,0.7963,20599598,20906372,1.0149,529294717
2025-03-13,276099024,218672248,0.792,20999329,21366766,1.0175,537524108
2025-03-14,268185417,214009639,0.798,21060168,21391466,1.0157,525022572
2025-03-17,273248309,217806188,0.7971,21398481,21534558,1.0064,534356285
2025-03-18,277301432,220255903,0.7943,18395212,19404085,1.0548,535677944
2025-03-19,281603742,223892843,0.7951,18840265,19894556,1.056,544555473
2025-03-20,285270902,225485780,0.7904,19086536,20143376,1.0554,550310929
2025-03-21,224774468,182689599,0.8128,16496814,16559376,1.0038,440843517
2025-03-24,231769639,187509306,0.809,16879480,16753198,0.9925,453231119
2025-03-25,236472980,191258353,0.8088,17361861,16977178,0.9778,462395662
2025-03-26,240888066,194851281,0.8089,17562466,17260304,0.9828,470886454
2025-03-27,245573424,198175409,0.807,17747160,17374340,0.979,479199547
2025-03-28,237252328,193867650,0.8171,17884758,17332312,0.9691,466669344
2025-03-31,240363158,196194772,0.8162,17755982,17246047,0.9713,471891899
2025-04-01,245038012,200155591,0.8168,17989669,17477540,0.9715,480999720
2025-04-02,249531273,203455771,0.8154,18317686,17765669,0.9699,489413766
2025-04-03,256005631,207434078,0.8103,18654076,18353285,0.9839,500818768
2025-04-04,251494238,204821138,0.8144,19112187,19050008,0.9967,494872893
2025-04-07,258532798,209096480,0.8088,19194785,19691052,1.0259,506924469
2025-04-08,264137304,214253995,0.8111,19425076,20219649,1.0409,518438105
2025-04-09,270682848,219139753,0.8096,19716040,20711008,1.0505,530628896
2025-04-10,276461875,223381797,0.808,20007904,21005504,1.0499,541230322
2025-04-11,269724908,216616872,0.8031,20257056,21082800,1.0408,528048484
2025-04-14,274658955,219978057,0.8009,20533424,21440001,1.0442,536962640
2025-04-15,278398853,222018657,0.7975,20636206,21840491,1.0584,543249966
2025-04-16,283053550,222526991,0.7862,17610653,19495978,1.1071,542990016
2025-04-17,233148027,191780808,0.8226,16711485,17963941,1.0749,459898617
2025-04-21,238979055,195699294,0.8189,16936962,18220238,1.0758,470133572
2025-04-22,244684242,199683973,0.8161,17254836,18565538,1.076,480479023
2025-04-23,250110854,204106856,0.8161,17478744,18752703,1.0729,490740020
2025-04-24,255459153,208074724,0.8145,17577379,19028888,1.0826,500429964
2025-04-25,247547361,201401803,0.8136,17616867,19077474,1.0829,485930081
2025-04-28,252810440,205550835,0.8131,17681770,19211085,1.0865,495543356
2025-04-29,256645531,209193985,0.8151,17901482,19454101,1.0867,503490308
2025-04-30,259095633,212105291,0.8186,17825417,19253632,1.0801,508574792
2025-05-01,263472751,215934356,0.8196,17934847,19438737,1.0839,517077031
2025-05-02,255558632,209357555,0.8192,17876999,19331548,1.0814,502420332
2025-05-05,260832171,213449216,0.8183,18079727,19472675,1.077,512127442
2025-05-06,265327997,217041223,0.818,18238218,19688928,1.0795,520591937
2025-05-07,269427633,219985987,0.8165,18388031,19875048,1.0809,527969182
2025-05-08,274805794,224033983,0.8152,18725877,20085279,1.0726,537942369
2025-05-09,268342564,219403037,0.8176,18976510,19950162,1.0513,526967768
2025-05-12,274063265,223940169,0.8171,19339883,20124690,1.0406,537759950
2025-05-13,280670618,229244642,0.8168,19578467,20444291,1.0442,550231751
2025-05-14,285766252,233403842,0.8168,19807847,20647829,1.0424,559921908
2025-05-15,290381229,237537202,0.818,20214443,20897797,1.0338,569334251
2025-05-16,245604712,198511383,0.8083,19620880,19258693,0.9815,483300607
2025-05-19,251818943,203322275,0.8074,19789159,19513032,0.986,494752784
2025-05-20,257009277,207122514,0.8059,20093818,19710731,0.9809,504252367
2025-05-21,261799222,211388769,0.8074,17680135,18469434,1.0446,509622166
2025-05-22,266578737,214875297,0.806,18004848,18718720,1.0396,518459080
2025-05-23,258827056,208852039,0.8069,18043736,18738403,1.0385,504744318
2025-05-27,264653576,213265711,0.8058,18336749,19044069,1.0386,515576625
2025-05-28,269507748,217164580,0.8058,18582657,19154962,1.0308,524687685
2025-05-29,273702527,220958571,0.8073,18746651,19288580,1.0289,532972983
2025-05-30,263967102,213803632,0.81,18600750,18651134,1.0027,515308274
2025-06-02,269251195,217325897,0.8071,18844537,18881265,1.0019,524592984
2025-06-03,274206283,221070603,0.8062,19062417,19264014,1.0106,533902294
2025-06-04,278738618,224452053,0.8052,19209414,19391326,1.0095,542097603
2025-06-05,283394021,229133612,0.8085,19485098,19654598,1.0087,551987221
2025-06-06,275716493,224029930,0.8125,19563564,19702391,1.0071,539338283
2025-06-09,282117416,228105387,0.8085,19731623,19979133,1.0125,550266745
2025-06-10,286609464,231993804,0.8094,20013890,20457649,1.0222,559411986
2025-06-11,290495740,235857479,0.8119,20303014,20745653,1.0218,567743929
2025-06-12,294214341,239263221,0.8132,20639455,21076891,1.0212,575540248
2025-06-13,284473862,234070693,0.8228,20880515,21155875,1.0132,560923823
2025-06-16,289929076,238079313,0.8212,21152662,21498377,1.0163,571000630
2025-06-17,293856985,241636422,0.8223,21470090,21931539,1.0215,579240549
2025-06-18,297128591,245283731,0.8255,18859280,20625793,1.0937,582214568
2025-06-20,230639273,187634045,0.8135,15886397,16544523,1.0414,451021451
2025-06-23,237379585,192171430,0.8096,16108182,16908552,1.0497,462887159
2025-06-24,243885793,196771968,0.8068,16564711,17368214,1.0485,474920117
2025-06-25,249859915,200797119,0.8036,16694351,17461445,1.0459,485152293
2025-06-26,256155191,205402750,0.8019,17004488,17803515,1.047,496716025
2025-06-27,249834907,200265364,0.8016,17284380,17785678,1.029,485529387
2025-06-30,254782883,203715913,0.7996,17284083,17430829,1.0085,493606534
2025-07-01,259719657,208079239,0.8012,17550449,17693642,1.0082,503424719
2025-07-02,264072170,212006410,0.8028,17753518,17865714,1.0063,512089482
2025-07-03,257018453,206738451,0.8044,17872379,17945739,1.0041,499980756
2025-07-07,262340773,210924680,0.804,18103293,18112649,1.0005,509885093
2025-07-08,267102316,214744239,0.804,18220186,18334324,1.0063,518807934
2025-07-09,272095469,219105415,0.8053,18456308,18563231,1.0058,528631426
2025-07-10,277155075,223239440,0.8055,18738864,18774227,1.0019,538326469
2025-07-11,270445950,218791899,0.809,18894156,18685680,0.989,527238966
2025-07-14,275709729,223373835,0.8102,19078108,18844823,0.9878,537470952
2025-07-15,280440226,227879769,0.8126,19365303,19135029,0.9881,547259300
2025-07-16,285278426,232116114,0.8136,16772918,17789438,1.0606,552354708
2025-07-17,291027796,237303560,0.8154,17019512,18219834,1.0705,563977280
2025-07-18,246618020,200267940,0.8121,16561172,16822728,1.0158,480694426
2025-07-21,255095673,206463975,0.8094,16837923,17079055,1.0143,495886942
2025-07-22,261782512,210933278,0.8058,17004042,17451178,1.0263,507586306
2025-07-23,268944276,216263280,0.8041,17225414,17716322,1.0285,520571111
2025-07-24,274400765,220816172,0.8047,17335022,18060938,1.0419,531048375
2025-07-25,264109490,212510538,0.8046,17363622,18016407,1.0376,512440500
2025-07-28,270215330,217449105,0.8047,17532183,18259322,1.0415,523906923
2025-07-29,275610447,222046853,0.8057,17831019,18967132,1.0637,534918405
2025-07-30,280852431,226109087,0.8051,18165881,19235471,1.0589,544825537
2025-07-31,285337286,229284674,0.8036,18412290,19194134,1.0425,552704462
2025-08-01,275647310,222675319,0.8078,18780508,19361584,1.0309,536926742
2025-08-04,281985884,227245081,0.8059,19132251,19506149,1.0195,548339724
2025-08-05,287392137,231545594,0.8057,19101288,19759102,1.0344,558272051
2025-08-06,293109951,235455207,0.8033,19356680,20000499,1.0333,568400337
2025-08-07,298484236,239337360,0.8018,19578904,20279534,1.0358,578159683
2025-08-08,288505582,233217037,0.8084,19677028,20148392,1.024,562037976
2025-08-11,295280812,237728495,0.8051,19867253,20306405,1.0221,573685442
2025-08-12,300917909,242252374,0.805,20142885,20590157,1.0222,584419396
2025-08-13,306357120,246950471,0.8061,20492134,20870500,1.0185,595192199
2025-08-14,311980696,251327753,0.8056,20717254,21115490,1.0192,605669748
2025-08-15,264730848,210626006,0.7956,20178013,19610342,0.9719,515680789
2025-08-18,272324508,215610374,0.7917,20390656,19785578,0.9703,528643706
2025-08-19,277133108,220293748,0.7949,20677455,20255213,0.9796,538892353
2025-08-20,282089588,224940903,0.7974,17335790,18809304,1.085,543650820
2025-08-21,286196423,228108276,0.797,17472316,19072582,1.0916,551330054
2025-08-22,278331877,222371505,0.7989,17716452,18975978,1.0711,537887090
2025-08-25,284646240,227243829,0.7983,17862128,19154215,1.0723,549392108
2025-08-26,289455238,231236917,0.7989,18066723,19537277,1.0814,558791095
2025-08-27,294895017,235866330,0.7998,18440979,19770107,1.0721,569474442
2025-08-28,300315412,240097061,0.7995,18624330,19959012,1.0717,579500268
2025-08-29,288828705,231198018,0.8005,18955216,19779202,1.0435,559267610
2025-09-02,294807808,235788146,0.7998,19252447,20078141,1.0429,570422576
2025-09-03,299681964,239997859,0.8008,19406954,20246024,1.0432,579836718
2025-09-04,304754246,244805041,0.8033,19696301,20796387,1.0559,590557528
2025-09-05,297154582,239396113,0.8056,19889103,20644655,1.038,577597247
2025-09-08,303864682,244429580,0.8044,20078217,20799531,1.0359,589693666
2025-09-09,309841170,249736521,0.806,20233164,21135263,1.0446,601471822
2025-09-10,315935947,254358932,0.8051,20629922,21380368,1.0364,612831475
2025-09-11,322066250,259752588,0.8065,20878017,21715705,1.0401,624937430
2025-09-12,314584919,253825168,0.8069,21108763,21683988,1.0273,611735081
2025-09-15,321972927,258678514,0.8034,21474101,22199565,1.0338,624857771
2025-09-16,328094034,263324528,0.8026,22071656,22513316,1.02,636543755
2025-09-17,333718111,268227303,0.8038,19231171,21308683,1.108,642970273
2025-09-18,339232259,273629074,0.8066,19570487,21841217,1.116,654756925
2025-09-19,277972803,214221405,0.7707,17448196,18549036,1.0631,528677640
2025-09-22,287699872,221061187,0.7684,17735995,18859778,1.0634,545846264
2025-09-23,294920357,226679021,0.7686,17974802,19284825,1.0729,559348189
2025-09-24,301539204,231218339,0.7668,18065827,19425716,1.0753,570732832
2025-09-25,308181213,235869823,0.7654,18427843,19865925,1.078,582834494
2025-09-26,298560148,229287459,0.768,18476450,19679658,1.0651,566497880
2025-09-29,306514697,234633058,0.7655,18816855,19808323,1.0527,580266507
2025-09-30,310934749,237448201,0.7637,18732621,19520399,1.0421,587136051
2025-10-01,318214744,241915521,0.7602,18909370,19803082,1.0473,599352254
2025-10-02,324486783,247647239,0.7632,19051388,20064045,1.0532,611768310
2025-10-03,314903912,240850403,0.7648,19388615,20123448,1.0379,595791016
2025-10-06,323325330,246671290,0.7629,19499868,20174873,1.0346,610194420
2025-10-07,329851436,251955602,0.7638,19698631,20529869,1.0422,622561186
2025-10-08,336694843,257032934,0.7634,19848965,20763033,1.0461,634877838
2025-10-09,343250004,261623738,0.7622,19976602,20907741,1.0466,646292885
2025-10-10,333567596,254816445,0.7639,20113135,21161984,1.0521,630197547
2025-10-13,340900251,259094898,0.76,20528069,21473486,1.0461,642555227
2025-10-14,347469036,263373130,0.758,20831987,21891886,1.0509,654081157
2025-10-15,354198434,267901685,0.7564,21228151,22183072,1.045,666024748
2025-10-16,360751418,273337952,0.7577,21574431,22935737,1.0631,679134222
2025-10-17,307799638,228469027,0.7423,20899460,21433902,1.0256,579125643
2025-10-20,316999917,234205104,0.7388,21064635,21638459,1.0272,594423956
2025-10-21,323999154,239574945,0.7394,21459785,21968311,1.0237,607519562
2025-10-22,329824461,244042427,0.7399,18760188,20451734,1.0902,613534271
2025-10-23,336476452,248900049,0.7397,18939519,20710045,1.0935,625486519
2025-10-24,326053344,240933749,0.7389,19097203,20554122,1.0763,607096405
2025-10-27,335879943,246634399,0.7343,19418845,20792780,1.0708,623182799
2025-10-28,342274714,251405498,0.7345,19702427,21102274,1.071,634946288
2025-10-29,348816163,256871812,0.7364,19669361,21145859,1.0751,646968162
2025-10-30,354122431,260497371,0.7356,20038894,21437791,1.0698,656566152
2025-10-31,338379229,248225806,0.7336,20025846,21015316,1.0494,628110877
2025-11-03,345001746,254010627,0.7363,20230697,21203116,1.0481,640918932
2025-11-04,350613188,258664917,0.7378,20995933,21485362,1.0233,652237653
2025-11-05,356645136,262675204,0.7365,21141984,21663985,1.0247,662600782
2025-11-06,362165227,265682176,0.7336,21383463,21893702,1.0239,671598097
2025-11-07,349809011,257514648,0.7362,21451201,21928845,1.0223,651159743
2025-11-10,356457823,261770800,0.7344,21577836,22125157,1.0254,662390542
2025-11-11,361090013,265436962,0.7351,21912253,22325632,1.0189,671229463
2025-11-12,366550734,268898069,0.7336,22096861,22358756,1.0119,680372812
2025-11-13,371675618,272428310,0.733,22354911,22604365,1.0112,689527406
2025-11-14,360426435,264988545,0.7352,22319990,22553164,1.0104,670758488
2025-11-17,368892895,272926531,0.7399,22611319,22980936,1.0163,687889360
2025-11-18,374418689,276346488,0.7381,22950413,23487282,1.0234,697705527
2025-11-19,379052682,279242551,0.7367,19842667,21823540,1.0998,700405176
2025-11-20,384808912,281136019,0.7306,19930888,22281642,1.1179,708625973
2025-11-21,322101225,239367377,0.7431,19255683,20919656,1.0864,602095041
2025-11-24,330821139,244020542,0.7376,19492016,21139858,1.0845,615914609
2025-11-25,336874446,248213412,0.7368,19554784,21436593,1.0962,626519615
2025-11-26,342314404,251868649,0.7358,19761711,21520148,1.089,635898858
2025-11-28,330750516,242942909,0.7345,19598306,21011210,1.0721,614743232
2025-12-01,336586754,247687202,0.7359,19720574,21119103,1.0709,625556868
2025-12-02,341868434,251649540,0.7361,19977761,21415083,1.0719,635351894
2025-12-03,346773209,255383407,0.7365,20152934,21536906,1.0687,644292830
2025-12-04,351708814,259673827,0.7383,20306817,21662951,1.0668,653781584
2025-12-05,344897233,256401375,0.7434,20520872,21556969,1.0505,643805039
2025-12-08,350595502,260654619,0.7435,20854936,21669704,1.0391,654204028
2025-12-09,355638669,264165471,0.7428,21290153,22059100,1.0361,663583330
2025-12-10,359847544,267313306,0.7429,21784593,22306480,1.024,671688857
2025-12-11,364047377,271076535,0.7446,22135320,22575585,1.0199,680268199
2025-12-12,355326762,264591944,0.7446,22393837,22595966,1.009,665338663
2025-12-15,357620159,268754780,0.7515,22695022,22821401,1.0056,672317607
2025-12-16,361490681,271407413,0.7508,23305499,23260291,0.9981,679894509
2025-12-17,366677501,274390559,0.7483,19556648,21343588,1.0914,682348511
2025-12-18,371100676,277591332,0.748,20022761,21647997,1.0812,690744703
2025-12-19,304527895,221598589,0.7277,16362852,16188685,0.9894,559066819
2025-12-22,312325706,225623249,0.7224,16766587,16505157,0.9844,571618966
2025-12-23,316387079,229878383,0.7266,17165079,16903980,0.9848,580733670
2025-12-24,318330440,230988145,0.7256,16904104,16751807,0.991,583376308
2025-12-26,309990136,227196837,0.7329,16987651,16773101,0.9874,571348784
2025-12-29,314135495,230611997,0.7341,17142790,16873621,0.9843,579182748
2025-12-30,317585071,233285110,0.7346,17255732,17132582,0.9929,585682201
2025-12-31,317988742,232440922,0.731,17043220,16665655,0.9778,584567166
2026-01-02,313501285,229463683,0.7319,17181277,16742495,0.9745,577316664
2026-01-05,320769462,234572689,0.7313,17482419,17095576,0.9779,590353168
2026-01-06,327033768,241797412,0.7394,17866733,17496109,0.9793,604630889
2026-01-07,331933430,245928996,0.7409,18126585,17741831,0.9788,614168895
2026-01-08,337483689,249512311,0.7393,18446169,17999829,0.9758,623870156
2026-01-09,331366502,246631282,0.7443,18698652,17919226,0.9583,615043667
2026-01-12,338097990,251611615,0.7442,18878308,18237210,0.966,627252823
2026-01-13,343445946,256367771,0.7465,19367649,18701328,0.9656,638308653
2026-01-14,349223049,262049459,0.7504,19881909,19035505,0.9574,650607908
2026-01-15,355488191,266114672,0.7486,20275579,19426978,0.9581,661768564
2026-01-16,247296443,186811980,0.7554,19265757,17487432,0.9077,471291174
2026-01-20,255281952,193354452,0.7574,19365585,17881222,0.9234,486302059
2026-01-21,262797496,198783102,0.7564,16474538,16702626,1.0138,495133971
2026-01-22,270839731,204648792,0.7556,17008064,17105434,1.0057,509977913
2026-01-23,264696940,200620901,0.7579,17216243,17073983,0.9917,499990902
2026-01-26,272090781,206515876,0.759,17462338,17237630,0.9871,513680925
2026-01-27,279768934,211738057,0.7568,17845144,17543604,0.9831,527278337
2026-01-28,286195561,216533658,0.7566,18061465,17662381,0.9779,538833033
2026-01-29,293060007,221620177,0.7562,18330979,17890444,0.976,551289209
2026-01-30,282844569,213347431,0.7543,18398679,17658060,0.9597,532641829
2026-02-02,289002485,217816421,0.7537,18801550,17854071,0.9496,543876683
2026-02-03,296567427,223842026,0.7548,19035443,18308088,0.9618,558138676
2026-02-04,302684466,228804464,0.7559,19249910,18463543,0.9591,569584234
2026-02-05,310376025,234181187,0.7545,19398642,18848307,0.9716,583196770
2026-02-06,302337909,228257030,0.755,19534150,18735541,0.9591,569260820
2026-02-09,308619795,232852020,0.7545,19560649,18950412,0.9688,580375792
2026-02-10,313633752,237284578,0.7566,19759477,19236967,0.9736,590307743
2026-02-11,319020604,241046337,0.7556,19872492,19302926,0.9713,599640039
2026-02-12,323656707,244871933,0.7566,20162826,19759165,0.98,608842623
2026-02-13,315214879,238295122,0.756,20218959,19772670,0.9779,593918462
2026-02-17,320987228,242563452,0.7557,20665475,20046978,0.9701,604661618
2026-02-18,326140000,245996780,0.7543,17494546,18604074,1.0634,608603584
2026-02-19,331383873,249502836,0.7529,17828590,18831214,1.0562,617919484
2026-02-20,278508311,211457999,0.7593,17326875,17457655,1.0075,525122857
2026-02-23,286133723,217001180,0.7584,17611839,17733600,1.0069,538861022
2026-02-24,292767087,222311680,0.7593,17923570,17939140,1.0009,551326109
2026-02-25,299469063,227724412,0.7604,18353339,18103604,0.9864,564037114
2026-02-26,305714379,232753338,0.7613,18729188,18309524,0.9776,575893720
2026-02-27,296551085,226531910,0.7639,18929426,18090679,0.9557,560491759
2026-03-02,303081709,231114476,0.7625,19331565,18471148,0.9555,572394291
2026-03-03,309287327,236405272,0.7644,19385895,18903778,0.9751,584420493
2026-03-04,314341937,240258175,0.7643,19771849,19235382,0.9729,594025055
2026-03-05,320041835,245306076,0.7665,19945886,19812486,0.9933,605525119
2026-03-06,311648268,240528679,0.7718,20081633,20258846,1.0088,592959503
2026-03-09,315953963,243237745,0.7699,20395237,20765758,1.0182,600892921
2026-03-10,321583780,247004446,0.7681,20714086,21180461,1.0225,610895359
2026-03-11,325784517,250560066,0.7691,20882320,21470583,1.0282,619102091
2026-03-12,331018688,253918472,0.7671,21388468,21943165,1.0259,628692251
2026-03-13,322229484,248627412,0.7716,21654989,21975181,1.0148,614915379
2026-03-16,327814935,252247855,0.7695,22174668,22321103,1.0066,624977057
2026-03-17,332558972,255303069,0.7677,22667416,22733770,1.0029,633679084
2026-03-18,336463480,258053157,0.767,19821953,20771173,1.0479,635490291
2026-03-19,342056421,260519139,0.7616,20216752,21185918,1.0479,644356072
2026-03-20,267815712,208754279,0.7795,17650588,17734744,1.0048,512339312
2026-03-23,275797287,213193868,0.773,18099130,18029750,0.9962,525487820
2026-03-24,281575577,217574770,0.7727,18376928,18259728,0.9936,536149273
2026-03-25,286726061,220921074,0.7705,18427464,18273945,0.9917,544709491
2026-03-26,294226208,225073256,0.765,18681125,18735349,1.0029,557086726
2026-03-27,287003018,219791840,0.7658,18879992,18874202,0.9997,544939524
2026-03-30,292419932,223203163,0.7633,19153063,19080261,0.9962,554243294
2026-03-31,297389109,224553206,0.7551,19053055,18750999,0.9841,560117541
2026-04-01,301885527,228843397,0.758,19427367,19167421,0.9866,569693030
2026-04-02,295072461,223446333,0.7573,19484172,19224511,0.9867,557597405
2026-04-06,300405032,227822163,0.7584,19605368,19462119,0.9927,567663536
2026-04-07,305082080,232285430,0.7614,19911863,19757854,0.9923,577409189
2026-04-08,309627030,236408093,0.7635,20277817,20123270,0.9924,586818410
2026-04-09,315138581,239932144,0.7614,20612999,20198366,0.9799,596259267
2026-04-10,308329263,234792932,0.7615,21090109,20139551,0.9549,584738685
2026-04-13,314571709,238781278,0.7591,21541583,20408465,0.9474,595696992
2026-04-14,322574721,244569768,0.7582,22772583,20820014,0.9143,611127981
2026-04-15,329007381,248788972,0.7562,19355683,19532158,1.0091,617033309
2026-04-16,335581195,253591432,0.7557,20026116,20095437,1.0035,629651557
2026-04-17,283908463,212757768,0.7494,19671048,18571282,0.9441,535273661
2026-04-20,290936825,217927207,0.7491,19818807,18796234,0.9484,547844453
2026-04-21,296841246,224101249,0.755,20167968,19193026,0.9517,560662701
2026-04-22,302468573,228545896,0.7556,20246693,19339041,0.9552,570965023
2026-04-23,308217643,233487796,0.7575,20458223,19583381,0.9572,582114244
2026-04-24,298121814,226096161,0.7584,20594553,19460523,0.9449,564646497
2026-04-27,303972482,230410273,0.758,20640307,19676673,0.9533,575076477
2026-04-28,309619510,235077684,0.7592,20868527,19859260,0.9516,585808661
2026-04-29,314763903,240055746,0.7627,21039517,20014730,0.9513,596262674
2026-04-30,320600385,243791520,0.7604,21238845,19871885,0.9356,605897003
2026-05-01,309892978,236309757,0.7626,21391505,19802727,0.9257,587798228
2026-05-04,316805664,241880901,0.7635,21663156,20063703,0.9262,600817909
2026-05-05,323299769,247750248,0.7663,21841534,20271827,0.9281,613572715
2026-05-06,330592877,252765782,0.7646,21975151,20624010,0.9385,626363312
2026-05-07,336791175,258083436,0.7663,22180062,20900436,0.9423,638365949
2026-05-08,328647156,252031675,0.7669,22335133,20902766,0.9359,624334429
2026-05-11,337325705,257970767,0.7648,22660701,21222202,0.9365,639602223
2026-05-12,344257284,263023161,0.764,22829717,21536743,0.9434,652073002
2026-05-13,350365767,267456138,0.7634,23041030,21756253,0.9442,663048601
2026-05-14,358013178,272942644,0.7624,23328877,22048094,0.9451,676773866
2026-05-15,302558643,232010963,0.7668,22616644,20425645,0.9031,578061868
2026-05-18,310191996,237840398,0.7668,22994002,20588034,0.8954,592076004
2026-05-19,316516654,242838802,0.7672,19741667,19197889,0.9725,598711594
2026-05-20,322365793,246542061,0.7648,20717582,19356307,0.9343,609396616
2026-05-21,328785956,250804867,0.7628,21037609,19522920,0.928,620575175
2026-05-22,319572083,243583976,0.7622,21217759,19580885,0.9229,604368393
2026-05-26,328021216,250886793,0.7648,21260106,19885761,0.9354,620464909
2026-05-27,334365112,253402726,0.7579,20702652,20047197,0.9683,628931227
2026-05-28,342501538,258766380,0.7555,21034130,20343786,0.9672,643060063
2026-05-29,333822230,250238185,0.7496,21423621,20095850,0.938,625997911
2026-06-01,341327015,256142143,0.7504,21544219,20216224,0.9384,639655393
2026-06-02,347982011,261291055,0.7509,21819094,20634553,0.9457,652161012
2026-06-03,352726433,265612460,0.753,22216320,20971151,0.944,661970370
2026-06-04,358893109,269791664,0.7517,22594431,21375556,0.9461,673105235
2026-06-05,348955725,263705175,0.7557,22729210,21483685,0.9452,657320622
2026-06-08,354683821,267206602,0.7534,22939545,21622932,0.9426,666907350
2026-06-09,360281639,271645671,0.754,23196445,22006228,0.9487,677563633
2026-06-10,364801861,274229819,0.7517,23430049,22175890,0.9465,685073347
2026-06-11,370271691,276983398,0.7481,23817347,22489579,0.9443,693995534
2026-06-12,360408924,271545295,0.7534,24060816,22536217,0.9366,678982715
2026-06-15,366934207,276179040,0.7527,24407252,22776809,0.9332,690735034
2026-06-16,372656962,280972620,0.754,25110057,23105342,0.9202,702276472
2026-06-17,377468007,283461743,0.751,22094852,22092559,0.9999,705496132
2026-06-18,296865912,219451897,0.7392,19232670,17807940,0.9259,553728436
2026-06-22,305297237,225058983,0.7372,19609193,18048860,0.9204,568393096
2026-06-23,312048753,230550307,0.7388,19812026,18376764,0.9276,581160747
2026-06-24,317827098,235100711,0.7397,19941167,18612143,0.9334,591853990
2026-06-25,324203957,239412771,0.7385,20099461,18871976,0.9389,602962956
2026-06-26,316262718,234708759,0.7421,20206649,18829888,0.9319,590382184
2026-06-29,323715578,239704691,0.7405,20480793,19197000,0.9373,603468254
2026-06-30,328842517,241660672,0.7349,20501235,18865828,0.9202,610244220
2026-07-01,334083500,245210017,0.734,20744082,18850220,0.9087,619272463
2026-07-02,328228997,241239392,0.735,20821802,18979851,0.9115,609650344
2026-07-06,334439331,245227843,0.7333,20953820,19117214,0.9123,620127094
2026-07-07,340025259,249884446,0.7349,21290180,19415266,0.9119,631003165
2026-07-08,343924936,253062200,0.7358,21514090,19638075,0.9128,638526690
2026-07-09,349260158,256399435,0.7341,21865627,19877273,0.9091,647794589
2026-07-10,340781414,250284070,0.7344,22105915,19845132,0.8977,633419862
2026-07-13,346400754,255423217,0.7374,22336955,20192760,0.904,644756646
2026-07-14,352173771,259632350,0.7372,22587111,20497030,0.9075,655299775
2026-07-15,357290575,263622444,0.7378,22815781,20672347,0.9061,664818325
2026-07-16,363830665,267098471,0.7341,23357168,20887579,0.8943,675591711
2026-07-17,303541315,226357336,0.7457,22450126,19122742,0.8518,571879411
2026-07-20,310887814,231218401,0.7437,22679226,19341202,0.8528,584538249
2026-07-21,317158928,236375435,0.7453,23095120,19597438,0.8486,596638701
2026-07-22,322144228,239546378,0.7436,20184035,18666567,0.9248,600910806
2026-07-23,327778824,244066961,0.7446,20483473,19024800,0.9288,611722505
2026-07-24,316797957,237145483,0.7486,20767818,18901537,0.9101,593981163
2026-07-27,322694531,241102878,0.7472,20925656,18998981,0.9079,604087966
2026-07-28,328915108,245394682,0.7461,21160467,19219693,0.9083,615054011
2026-07-29,334356459,249086646,0.745,21281020,19484449,0.9156,624581948
2026-07-30,340374935,253095108,0.7436,21326542,19886677,0.9325,635057007
2026-07-31,327240724,244795997,0.7481,21332794,19572677,0.9175,613315812
2026-08-03,335953898,251601333,0.7489,21580812,19773351,0.9162,629292303
2026-08-04,344138224,257267608,0.7476,21944391,20244183,0.9225,643984817
2026-08-05,348838939,261338378,0.7492,22077115,20613403,0.9337,653263753
2026-08-06,354428584,265193050,0.7482,22431123,20882342,0.931,663333731
2026-08-07,344220463,257089861,0.7469,22412353,20693897,0.9233,644815867
2026-08-10,350776208,261630847,0.7459,22674334,20854476,0.9197,656342152
2026-08-11,355733420,265600996,0.7466,23064638,21153473,0.9171,665960324
2026-08-12,360075632,269743581,0.7491,23359210,21435036,0.9176,675024616
2026-08-13,365343797,274383855,0.751,23589644,21658212,0.9181,685387831
2026-08-14,356517986,268314624,0.7526,23843783,21588678,0.9054,670687510
2026-08-17,362696261,273093154,0.753,24277299,21828592,0.8991,682332478
2026-08-18,367905876,277409180,0.754,24669324,22233547,0.9013,692658834
2026-08-19,372934549,280745713,0.7528,21422732,21168981,0.9882,696666568
2026-08-20,378542961,284389260,0.7513,22033112,21440690,0.9731,706801105
2026-08-21,324189334,250687925,0.7733,20790594,20002025,0.9621,616068937
2026-08-24,330432218,248882020,0.7532,20943472,20223076,0.9656,620888266
2026-08-25,338774452,253077572,0.747,21286206,20520912,0.964,634071094
2026-08-26,343207447,256537232,0.7475,21339312,20537419,0.9624,642035086
2026-08-27,350220922,260809811,0.7447,21809849,20888927,0.9578,654136687
2026-08-28,340729576,255101041,0.7487,22072803,20808629,0.9427,639170659
